Date,PortfolioValue,Positions
2010-05-31,5000000.0,0
2010-06-01,5000000.0,0
2010-06-02,5000000.0,0
2010-06-03,5000000.0,0
2010-06-04,5000000.0,0
2010-06-07,5000000.0,0
2010-06-08,5000000.0,0
2010-06-09,4963187.5598552,2
2010-06-10,5015448.879855201,2
2010-06-11,5026096.5598552,2
2010-06-14,5061900.6798551995,2
2010-06-15,5082460.3998552,2
2010-06-16,5087650.519855199,2
2010-06-17,5100221.6798551995,2
2010-06-18,5102455.0798552,2
2010-06-21,5151744.7198552,2
2010-06-22,5133240.599855199,2
2010-06-23,5161224.9198552,2
2010-06-24,5162309.2398552,2
2010-06-25,5127821.1991192,3
2010-06-28,5169872.0391192,3
2010-06-29,5113504.3191192,3
2010-06-30,5136046.4791192,3
2010-07-01,5107280.1191192,3
2010-07-02,5106090.9191192,3
2010-07-05,5114095.006704399,4
2010-07-06,5154265.7067044,4
2010-07-07,5129662.1667044,4
2010-07-08,5169704.5167044,4
2010-07-09,5189453.4667044,4
2010-07-12,5204770.3067044,4
2010-07-13,5204346.496704399,4
2010-07-14,5183237.396704399,4
2010-07-15,5184140.756704399,4
2010-07-16,5211596.386704399,4
2010-07-19,5201974.766704399,4
2010-07-20,5185591.486704399,4
2010-07-21,5211859.8467044,4
2010-07-22,5235639.676704399,4
2010-07-23,5227478.5367044,4
2010-07-26,5201631.3367044,4
2010-07-27,5215238.0567044,4
2010-07-28,5213659.9867044,4
2010-07-29,5219065.106704399,4
2010-07-30,5204022.176704399,4
2010-08-02,5232036.1567044,4
2010-08-03,5236040.8667044,4
2010-08-04,5276069.6167044,4
2010-08-05,5263222.586704399,4
2010-08-06,5262852.3867044,4
2010-08-09,5305330.236704401,4
2010-08-10,5284671.0467044,4
2010-08-11,5264188.336704399,4
2010-08-12,5254880.8267044,4
2010-08-13,5289556.836704399,4
2010-08-16,5273831.786704401,4
2010-08-17,5275992.406704401,4
2010-08-18,5351266.9067044,4
2010-08-19,5399362.036704401,4
2010-08-20,5389552.1567044,4
2010-08-23,5411682.5967044,4
2010-08-24,5395977.2067044,4
2010-08-25,5345767.466704399,4
2010-08-26,5366633.4167044,4
2010-08-27,5317370.5967044,4
2010-08-30,5305291.236704401,4
2010-08-31,5303609.6667044,4
2010-09-01,5361635.976704401,4
2010-09-02,5382720.4567044005,4
2010-09-03,5408032.6367044,4
2010-09-06,5478877.3467044,4
2010-09-07,5505307.2267044,4
2010-09-08,5514984.766704401,4
2010-09-09,5513971.7367044,4
2010-09-13,5563047.3067044,4
2010-09-14,5569656.036704401,4
2010-09-15,5615285.0467044,4
2010-09-16,5569050.656704401,4
2010-09-17,5634760.1867044,4
2010-09-20,5703792.4967044,4
2010-09-21,5707551.5267044,4
2010-09-22,5692358.1667044,4
2010-09-23,5698349.756704399,4
2010-09-24,5767066.276704401,4
2010-09-27,5760634.4467044,4
2010-09-28,5758339.776704399,4
2010-09-29,5732208.7367044,4
2010-09-30,5739890.676704399,4
2010-10-01,5840719.5467044,4
2010-10-04,5864376.1767044,4
2010-10-05,5877699.086704399,4
2010-10-06,5927971.4567044,4
2010-10-07,5879309.826704401,4
2010-10-08,5854761.5767044,4
2010-10-11,5896688.2867044,4
2010-10-12,5867218.306704401,4
2010-10-13,5962890.4867044,4
2010-10-14,5936843.5867044,4
2010-10-15,5836420.9067044,4
2010-10-18,5834440.7367044,4
2010-10-19,5813596.616704401,4
2010-10-20,5798990.886704401,4
2010-10-21,5878420.596704399,4
2010-10-22,5878725.426704399,4
2010-10-25,5926503.5667044,4
2010-10-26,5917128.056704399,4
2010-10-27,5886760.196704399,4
2010-10-28,5857894.1167044,4
2010-10-29,5849893.426704399,4
2010-11-01,5919572.8067044,4
2010-11-02,5933449.1667043995,4
2010-11-03,5977054.5167044,4
2010-11-04,6045077.9067044,4
2010-11-05,6070287.576704401,4
2010-11-08,6051469.5967044,4
2010-11-09,6088866.8767043995,4
2010-11-10,6092664.936704401,4
2010-11-11,6028881.5567044,4
2010-11-12,5925148.9567044005,4
2010-11-15,5952720.8567044,4
2010-11-16,5844350.546704399,4
2010-11-18,5856677.1367044,4
2010-11-19,5766469.7667044,4
2010-11-22,5849529.636704399,4
2010-11-23,5802884.1267044,4
2010-11-24,5723694.2467044,4
2010-11-25,5647359.026704401,4
2010-11-26,5586906.536704401,4
2010-11-29,5646465.786704401,4
2010-11-30,5699854.726704401,4
2010-12-01,5797213.1567044,4
2010-12-02,5835997.5067044,4
2010-12-03,5799598.5867044,4
2010-12-06,5780409.7767044,4
2010-12-07,5743812.216704399,4
2010-12-08,5661408.8067044,4
2010-12-09,5513117.9567044,4
2010-12-10,5586646.6467044,4
2010-12-13,5656650.096704401,4
2010-12-14,5705707.6067044,4
2010-12-15,5649827.6067044,4
2010-12-16,5684726.3367044,4
2010-12-20,5711738.8067044,4
2010-12-21,5727979.1667044,4
2010-12-22,5715870.266704399,4
2010-12-23,5709489.0267044,4
2010-12-24,5731049.596704399,4
2010-12-27,5728950.9167044,4
2010-12-28,5733057.0967044,4
2010-12-29,5777509.4467044,4
2010-12-30,5814656.7467044,4
2010-12-31,5853855.3767043995,4
2011-01-03,5869439.5367044,4
2011-01-04,5862135.5667044,4
2011-01-05,5809429.9567044,4
2011-01-06,5765360.886704399,4
2011-01-07,5633208.3567044,4
2011-01-10,5514478.1767044,4
2011-01-11,5501567.516704399,4
2011-01-12,5583739.696704399,4
2011-01-13,5517940.306704399,4
2011-01-14,5444450.6867044,4
2011-01-17,5437745.756704401,4
2011-01-18,5493829.3567044,4
2011-01-19,5477652.336704399,4
2011-01-20,5500161.3267044,4
2011-01-21,5475421.1767044,4
2011-01-24,5508136.3967044,4
2011-01-25,5467493.5567044,4
2011-01-27,5389669.7367044,4
2011-01-28,5275380.796704399,4
2011-01-31,5291974.156704401,4
2011-02-01,5203144.7067044,4
2011-02-02,5201828.976704399,4
2011-02-03,5257892.8667044,4
2011-02-04,5167393.466704399,4
2011-02-07,5141231.2767044,4
2011-02-08,5059608.036704401,4
2011-02-09,4958005.3767043995,4
2011-02-10,4951640.8367044,4
2011-02-11,5040220.556704399,4
2011-02-14,5198500.0767044,4
2011-02-15,5228747.0267044,4
2011-02-16,5238613.5267044,4
2011-02-17,5286527.0267044,4
2011-02-18,5224841.3667044,4
2011-02-21,5260974.386704399,4
2011-02-22,5210901.6067044,4
2011-02-23,5187175.1867044,4
2011-02-24,5036301.016704399,4
2011-02-25,5048214.3567044,4
2011-02-28,5055133.9667044,4
2011-03-01,5206681.0867044,4
2011-03-03,5241805.496704399,4
2011-03-04,5246319.5267044,4
2011-03-07,5180269.266704399,4
2011-03-08,5229522.4967044,4
2011-03-09,5251076.4567044,4
2011-03-10,5233031.3967044,4
2011-03-11,5196100.8767043995,4
2011-03-14,5248239.3667044,4
2011-03-15,5171542.926704399,4
2011-03-16,5226754.6467044,4
2011-03-17,5198422.146704401,4
2011-03-18,5148575.9567044,4
2011-03-21,5137008.7767044,4
2011-03-22,5181287.1267043995,4
2011-03-23,5221396.4367044,4
2011-03-24,5254616.526704399,4
2011-03-25,5335607.1667043995,4
2011-03-28,5374786.0067044,4
2011-03-29,5408651.9667044,4
2011-03-30,5473146.636704401,4
2011-03-31,5507395.0567044,4
2011-04-01,5514735.4167043995,4
2011-04-04,5584321.0867044,4
2011-04-05,5621398.326704401,4
2011-04-06,5626523.856704401,4
2011-04-07,5624399.946704399,4
2011-04-08,5573729.6667044,4
2011-04-11,5531415.9267044,4
2011-04-13,5632357.8967044,4
2011-04-15,5589238.5267044,4
2011-04-18,5519823.3667044,4
2011-04-19,5520269.6267044,4
2011-04-20,5613359.096704401,4
2011-04-21,5613951.9667044,4
2011-04-25,5632541.8767043995,4
2011-04-26,5621935.846704399,4
2011-04-27,5603669.5367044,4
2011-04-28,5556809.056704399,4
2011-04-29,5520664.5967044,4
2011-05-02,5469684.1267043995,4
2011-05-03,5361277.046704399,4
2011-05-04,5327031.5367044,4
2011-05-05,5262676.1467044,4
2011-05-06,5355548.9467044,4
2011-05-09,5359339.7767044,4
2011-05-10,5365974.3767044,4
2011-05-11,5395606.216704399,4
2011-05-12,5339410.3367044,4
2011-05-13,5395388.6767044,4
2011-05-16,5367973.8167044,4
2011-05-17,5334344.5267044,4
2011-05-18,5322565.3267044,4
2011-05-19,5323654.646704399,4
2011-05-20,5376460.3167044,4
2011-05-23,5292656.6267043995,4
2011-05-24,5317812.4267044,4
2011-05-25,5286806.9367044,4
2011-05-26,5332487.8567044,4
2011-05-27,5356402.9967044,4
2011-05-30,5376226.756704399,4
2011-05-31,5448107.3767044,4
2011-06-01,5483983.2867044015,4
2011-06-02,5456914.2167044,4
2011-06-03,5438139.866704401,4
2011-06-06,5450715.0567044,4
2011-06-07,5463096.4667044,4
2011-06-08,5449464.5667044,4
2011-06-09,5439674.446704401,4
2011-06-10,5423503.9267044,4
2011-06-13,5431835.556704399,4
2011-06-14,5455257.0267044,4
2011-06-15,5422244.6667044,4
2011-06-16,5367876.026704401,4
2011-06-17,5329771.966704399,4
2011-06-20,5215936.3467044,4
2011-06-21,5224339.006704399,4
2011-06-22,5200124.0767044,4
2011-06-23,5218906.9867044,4
2011-06-24,5335152.096704401,4
2011-06-27,5391810.1167044,4
2011-06-28,5416293.9767044,4
2011-06-29,5462391.4467044,4
2011-06-30,5494875.7667044,4
2011-07-01,5516622.1567044,4
2011-07-04,5552310.0667044,4
2011-07-05,5542999.3467044,4
2011-07-06,5542873.1167044,4
2011-07-07,5623742.7367044,4
2011-07-08,5581303.7067044005,4
2011-07-11,5549957.5067044,4
2011-07-12,5480304.766704399,4
2011-07-13,5538493.676704399,4
2011-07-14,5549550.236704401,4
2011-07-15,5546759.326704401,4
2011-07-18,5542266.1567044,4
2011-07-19,5562733.1067044,4
2011-07-20,5507274.5567044,4
2011-07-21,5472870.7267044,4
2011-07-22,5539840.516704401,4
2011-07-25,5561077.526704401,4
2011-07-26,5501091.1167044,4
2011-07-27,5482914.2667044,4
2011-07-28,5436215.3167044,4
2011-07-29,5409379.886704399,4
2011-08-01,5416784.4467044,4
2011-08-02,5372907.886704399,4
2011-08-03,5323030.3867044,4
2011-08-04,5280984.6867044,4
2011-08-05,5192053.1067044,4
2011-08-08,5125606.346704399,4
2011-08-09,5068108.176704399,4
2011-08-10,5172932.0967044,4
2011-08-11,5141695.866704401,4
2011-08-12,5095424.4567044005,4
2011-08-16,5057368.436704399,4
2011-08-17,5068571.9167043995,4
2011-08-18,4966224.1467044,4
2011-08-19,4881408.1967044,4
2011-08-22,4931636.336704399,4
2011-08-23,4979653.686704399,4
2011-08-24,4930508.1567044,4
2011-08-25,4892633.0167044,4
2011-08-26,4815839.716704399,4
2011-08-29,4947394.6567044,4
2011-08-30,5012570.546704399,4
2011-09-02,5036692.0267044,4
2011-09-05,5047874.6567044,4
2011-09-06,5068258.826704401,4
2011-09-07,5130953.7067044,4
2011-09-08,5146215.9067044,4
2011-09-09,5101609.636704399,4
2011-09-12,5003726.2267044,4
2011-09-13,5002206.336704399,4
2011-09-14,5045219.236704399,4
2011-09-15,5090222.256704399,4
2011-09-16,5094000.2067044,4
2011-09-19,5067044.836704399,4
2011-09-20,5141322.2867044,4
2011-09-21,5152380.286704401,4
2011-09-22,4989186.586704399,4
2011-09-23,4957777.9567044,4
2011-09-26,4899241.9367044,4
2011-09-27,4991777.036704401,4
2011-09-28,4976141.0667044,4
2011-09-29,5004405.836704399,4
2011-09-30,4961224.3167044,4
2011-10-03,4886750.6467044,4
2011-10-04,4837399.6767044,4
2011-10-05,4807552.1467044,4
2011-10-07,4895648.346704399,4
2011-10-10,4963034.3767044,4
2011-10-11,4979142.846704399,4
2011-10-12,5070158.3967044,4
2011-10-13,5041067.776704399,4
2011-10-14,5075299.6867044,4
2011-10-17,5080793.6667043995,4
2011-10-18,5012917.3167044,4
2011-10-19,5078064.1367044,4
2011-10-20,5042009.856704399,4
2011-10-21,5016624.1067044,4
2011-10-24,5051294.1067044,4
2011-10-25,5083693.506704399,4
2011-10-26,5111326.086704399,4
2011-10-28,5191799.896704399,4
2011-10-31,5195548.406704401,4
2011-11-01,5184249.256704399,4
2011-11-02,5180098.296704399,4
2011-11-03,5192777.0567044,4
2011-11-04,5226062.006704399,4
2011-11-08,5225560.546704399,4
2011-11-09,5184714.6167044,4
2011-11-11,5152279.5267044,4
2011-11-14,5139592.4167043995,4
2011-11-15,5063876.8767043995,4
2011-11-16,5024764.4067044,4
2011-11-17,4945688.5567044,4
2011-11-18,4924077.6067044,4
2011-11-21,4830714.976704399,4
2011-11-22,4838418.1767044,4
2011-11-23,4759542.7667044,4
2011-11-24,4809198.6467044,4
2011-11-25,4797258.9867044,4
2011-11-28,4882082.7667044,4
2011-11-29,4858936.306704399,4
2011-11-30,4863597.216704399,4
2011-12-01,4909697.3967044,4
2011-12-02,4988989.256704399,4
2011-12-05,4988837.3067044,4
2011-12-07,4981972.5267044,4
2011-12-08,4907204.7967044,4
2011-12-09,4848465.4767044,4
2011-12-12,4777611.9567044005,4
2011-12-13,4790419.6067044,4
2011-12-14,4762072.036704401,4
2011-12-15,4744798.5367044,4
2011-12-16,4677912.236704401,4
2011-12-19,4629440.1967044,4
2011-12-20,4559142.326704401,4
2011-12-21,4650869.1767044,4
2011-12-22,4687472.886704399,4
2011-12-23,4686447.7967044,4
2011-12-26,4726508.6967044,4
2011-12-27,4707172.4167044,4
2011-12-28,4675785.3167044,4
2011-12-29,4651374.9867044,4
2011-12-30,4649089.6067044,4
2012-01-02,4633952.1667043995,4
2012-01-03,4736839.6867044,4
2012-01-04,4726975.2267044,4
2012-01-05,4732485.5967044,4
2012-01-06,4711850.676704399,4
2012-01-07,4722355.4367044,4
2012-01-09,4733319.0767044,4
2012-01-10,4800226.836704399,4
2012-01-11,4811891.3267044,4
2012-01-12,4796152.4867044,4
2012-01-13,4813488.436704399,4
2012-01-16,4824909.5467044,4
2012-01-17,4899400.2267044,4
2012-01-18,4863849.1967044,4
2012-01-19,4899505.586704399,4
2012-01-20,4923193.9567044,4
2012-01-23,4940293.3767043995,4
2012-01-24,4983578.086704399,4
2012-01-25,5018790.8967044,4
2012-01-27,5042784.7867044,4
2012-01-30,4967593.516704399,4
2012-01-31,5043871.546704399,4
2012-02-01,5082999.6167044,4
2012-02-02,5125348.216704399,4
2012-02-03,5174109.096704399,4
2012-02-06,5218260.5767044,4
2012-02-07,5193389.4567044,4
2012-02-08,5242678.8067044,4
2012-02-09,5276125.5567044,4
2012-02-10,5275531.4167044,4
2012-02-13,5287010.5167044,4
2012-02-14,5305599.2667044,4
2012-02-15,5387557.136704399,4
2012-02-16,5409304.2467044,4
2012-02-17,5434241.966704399,4
2012-02-21,5456899.346704401,4
2012-02-22,5366915.7067044,4
2012-02-23,5356954.816704399,4
2012-02-24,5338583.4467044,4
2012-02-27,5228584.326704399,4
2012-02-28,5324518.886704399,4
2012-02-29,5341281.9467044,4
2012-03-01,5322089.4767044,4
2012-03-02,5321009.096704399,4
2012-03-03,5317884.886704399,4
2012-03-05,5274568.816704399,4
2012-03-06,5248596.1767044,4
2012-03-07,5247979.2067044,4
2012-03-09,5331829.696704401,4
2012-03-12,5365810.4867044,4
2012-03-13,5414259.6167044,4
2012-03-14,5438256.0367044,4
2012-03-15,5392837.6667044,4
2012-03-16,5345108.826704399,4
2012-03-19,5310345.216704399,4
2012-03-20,5337246.9267044,4
2012-03-21,5405517.006704399,4
2012-03-22,5302970.936704399,4
2012-03-23,5350875.426704401,4
2012-03-26,5284290.0967044,4
2012-03-27,5325177.1267043995,4
2012-03-28,5289899.4467044,4
2012-03-29,5300184.326704401,4
2012-03-30,5399583.186704399,4
2012-04-02,5427310.3667044,4
2012-04-03,5456817.966704399,4
2012-04-04,5441028.3367044,4
2012-04-09,5373995.756704399,4
2012-04-10,5369647.106704401,4
2012-04-11,5350733.086704399,4
2012-04-12,5387885.826704401,4
2012-04-13,5353603.1867044,4
2012-04-16,5383906.2767044,4
2012-04-17,5419822.6367044,4
2012-04-18,5449461.7367044,4
2012-04-19,5471821.6867044,4
2012-04-20,5440073.3967044,4
2012-04-23,5371347.3767043995,4
2012-04-24,5390744.4167043995,4
2012-04-25,5371745.776704399,4
2012-04-26,5342303.016704399,4
2012-04-27,5343583.8967044,4
2012-04-28,5357174.086704399,4
2012-04-30,5395133.336704399,4
2012-05-02,5391165.5667044,4
2012-05-03,5362322.986704401,4
2012-05-04,5293846.1067044,4
2012-05-07,5318005.4167044,4
2012-05-08,5238309.1167044,4
2012-05-09,5227109.366704399,4
2012-05-10,5238241.766704399,4
2012-05-11,5193266.636704399,4
2012-05-14,5185022.4667044,4
2012-05-15,5204146.8867044,4
2012-05-16,5147252.2967044,4
2012-05-17,5153259.3767044,4
2012-05-18,5144177.5567044,4
2012-05-21,5139940.076704401,4
2012-05-22,5109393.8467044,4
2012-05-23,5101550.046704399,4
2012-05-24,5145730.0267044,4
2012-05-25,5153367.2867044,4
2012-05-28,5216726.6167044,4
2012-05-29,5200801.0767044,4
2012-05-30,5153250.0767044,4
2012-05-31,5162969.6267043995,4
2012-06-01,5094287.426704399,4
2012-06-04,5052024.5767044,4
2012-06-05,5062068.2367044,4
2012-06-06,5164977.546704399,4
2012-06-07,5183152.1567044,4
2012-06-08,5198017.896704399,4
2012-06-11,5184338.8667044,4
2012-06-12,5219692.0667044,4
2012-06-13,5235488.7167044,4
2012-06-14,5195689.016704401,4
2012-06-15,5252124.9867044,4
2012-06-18,5203738.716704399,4
2012-06-19,5228348.2067044,4
2012-06-20,5268177.7667044,4
2012-06-21,5301413.1067044,4
2012-06-22,5298925.3867044,4
2012-06-25,5278712.566704401,4
2012-06-26,5295647.9467044,4
2012-06-27,5311967.426704399,4
2012-06-28,5325175.4067044,4
2012-06-29,5425918.8667044,4
2012-07-02,5435106.836704399,4
2012-07-03,5449437.0867044,4
2012-07-04,5453179.506704399,4
2012-07-05,5468759.4567044,4
2012-07-06,5437799.616704401,4
2012-07-09,5399776.5667044,4
2012-07-10,5445091.336704399,4
2012-07-11,5413184.9567044,4
2012-07-12,5375107.8767043995,4
2012-07-13,5371227.6367044,4
2012-07-16,5353331.3167044,4
2012-07-17,5344064.2767044,4
2012-07-18,5359195.4967044005,4
2012-07-19,5375855.826704401,4
2012-07-20,5371238.1867044,4
2012-07-23,5306678.0767044,4
2012-07-24,5339065.5567044,4
2012-07-25,5319344.4567044,4
2012-07-26,5262628.7967044,4
2012-07-27,5280914.7567044,4
2012-07-30,5346595.776704399,4
2012-07-31,5371351.976704401,4
2012-08-01,5399473.846704401,4
2012-08-02,5419281.656704401,4
2012-08-03,5426301.8867044,4
2012-08-06,5449936.816704399,4
2012-08-07,5478269.256704399,4
2012-08-08,5489762.3067044,4
2012-08-09,5504532.036704401,4
2012-08-10,5511752.1867044,4
2012-08-13,5535551.406704401,4
2012-08-14,5560426.5667044,4
2012-08-16,5537854.606704399,4
2012-08-17,5558240.0867043985,4
2012-08-21,5588397.6267044,4
2012-08-22,5580710.6367044,4
2012-08-23,5600716.016704401,4
2012-08-24,5594563.1367044,4
2012-08-27,5572736.0667044,4
2012-08-28,5548865.7167044,4
2012-08-29,5522281.4667044,4
2012-08-30,5542652.276704401,4
2012-08-31,5507580.0467044,4
2012-09-03,5512933.8467044,4
2012-09-04,5535403.2967044,4
2012-09-05,5522083.546704401,4
2012-09-06,5549702.9267044,4
2012-09-07,5626975.836704399,4
2012-09-08,5646706.3467044,4
2012-09-10,5658620.2967044,4
2012-09-11,5675126.9167044,4
2012-09-12,5701245.906704399,4
2012-09-13,5697383.1267044,4
2012-09-14,5735582.3967044,4
2012-09-17,5698721.9967044,4
2012-09-18,5708292.686704399,4
2012-09-20,5689869.866704401,4
2012-09-21,5764961.966704399,4
2012-09-24,5751497.1767044,4
2012-09-25,5766520.256704399,4
2012-09-26,5793270.8467044,4
2012-09-27,5805208.426704399,4
2012-09-28,5880264.1967044,4
2012-10-01,5917008.9467044,4
2012-10-03,5932934.236704401,4
2012-10-04,5937412.0167044,4
2012-10-05,5903977.9067044,4
2012-10-08,5888765.476704399,4
2012-10-09,5923049.5267044,4
2012-10-10,5882147.5267044,4
2012-10-11,5907952.086704399,4
2012-10-12,5916282.5467044,4
2012-10-15,5926632.9167043995,4
2012-10-16,5908745.546704399,4
2012-10-17,5923711.9967044,4
2012-10-18,5957054.7467044,4
2012-10-19,5927070.8667044,4
2012-10-22,5947581.796704399,4
2012-10-23,5933984.976704399,4
2012-10-25,5933314.8167044,4
2012-10-26,5887232.836704399,4
2012-10-29,5869637.466704401,4
2012-10-30,5838572.8567044,4
2012-10-31,5877537.5567044,4
2012-11-01,5906695.356704401,4
2012-11-02,5937710.5567044,4
2012-11-05,5942384.3267044,4
2012-11-06,5982114.396704401,4
2012-11-07,6021306.366704401,4
2012-11-08,6020652.1667044,4
2012-11-09,5990568.156704401,4
2012-11-12,6016199.046704399,4
2012-11-13,6024403.8567044,4
2012-11-15,5991193.0067044,4
2012-11-16,5939645.3667044,4
2012-11-19,5911963.116704399,4
2012-11-20,5905704.086704399,4
2012-11-21,5931341.5667044,4
2012-11-22,5948063.256704399,4
2012-11-23,5959086.3967044,4
2012-11-26,6023463.9067044,4
2012-11-27,6094770.6567044,4
2012-11-29,6170270.5167044,4
2012-11-30,6199233.2567044,4
2012-12-03,6221827.4367044,4
2012-12-04,6231974.7567044,4
2012-12-05,6232005.9367044,4
2012-12-06,6243255.076704401,4
2012-12-07,6222474.616704401,4
2012-12-10,6238441.446704401,4
2012-12-11,6234160.566704399,4
2012-12-12,6223931.5267044,4
2012-12-13,6173143.6567044,4
2012-12-14,6177270.116704401,4
2012-12-17,6169886.3467044,4
2012-12-18,6210300.996704399,4
2012-12-19,6258731.8467044,4
2012-12-20,6261230.216704399,4
2012-12-21,6186285.2267044,4
2012-12-24,6212229.7867044,4
2012-12-26,6244171.1967044,4
2012-12-27,6218095.3767044,4
2012-12-28,6247097.1367044,4
2012-12-31,6271821.216704399,4
2013-01-01,6299262.6867044,4
2013-01-02,6320977.9467044,4
2013-01-03,6327131.786704401,4
2013-01-04,6342200.1667043995,4
2013-01-07,6330587.2967044,4
2013-01-08,6348599.3867044,4
2013-01-09,6323586.026704401,4
2013-01-10,6302595.386704399,4
2013-01-11,6247195.276704401,4
2013-01-14,6275918.9467044,4
2013-01-15,6295466.896704401,4
2013-01-16,6260028.6967044,4
2013-01-17,6258359.9867044,4
2013-01-18,6256190.4767044,4
2013-01-21,6255233.326704401,4
2013-01-22,6226476.0067044,4
2013-01-23,6183905.7067044005,4
2013-01-24,6136314.616704399,4
2013-01-25,6194104.7767044,4
2013-01-28,6194042.606704401,4
2013-01-29,6172821.5467044,4
2013-01-30,6179217.716704399,4
2013-01-31,6201056.856704399,4
2013-02-01,6200906.796704399,4
2013-02-04,6188076.8167044,4
2013-02-05,6170956.106704401,4
2013-02-06,6170743.4767044,4
2013-02-07,6140433.366704399,4
2013-02-08,6097508.866704401,4
2013-02-11,6109752.7067044005,4
2013-02-12,6141943.1767044,4
2013-02-13,6133656.7867044,4
2013-02-14,6107775.0567044,4
2013-02-15,6096310.796704399,4
2013-02-18,6106885.3767043995,4
2013-02-19,6177507.3367044,4
2013-02-20,6182545.6367044,4
2013-02-21,6132006.9767044,4
2013-02-22,6124446.986704401,4
2013-02-25,6099908.6367044,4
2013-02-26,6023991.1067044,4
2013-02-27,6030323.8767044,4
2013-02-28,5968148.946704401,4
2013-03-01,6019780.986704401,4
2013-03-04,5980516.0567044,4
2013-03-05,6054491.136704401,4
2013-03-06,6066507.5467044,4
2013-03-07,6105396.966704399,4
2013-03-08,6161328.6167044,4
2013-03-11,6165760.066704399,4
2013-03-12,6146315.6467044,4
2013-03-13,6095976.7967044,4
2013-03-14,6104370.4867044,4
2013-03-15,6105011.1967044,4
2013-03-18,6103540.2567044,4
2013-03-19,6049398.3667044,4
2013-03-20,6024681.6767044,4
2013-03-21,5966017.7467044,4
2013-03-22,5958822.6467044,4
2013-03-25,5942942.696704401,4
2013-03-26,5961467.5267044,4
2013-03-28,6006377.676704399,4
2013-04-01,6028733.9167044,4
2013-04-02,6075856.0567044,4
2013-04-03,6031558.8267044,4
2013-04-04,5949589.4467044,4
2013-04-05,5941825.506704399,4
2013-04-08,5950144.976704401,4
2013-04-09,5901717.216704401,4
2013-04-10,5924475.186704401,4
2013-04-11,5953419.246704401,4
2013-04-12,5941136.266704399,4
2013-04-15,5924280.466704399,4
2013-04-16,6005881.2567044,4
2013-04-17,6021942.0467044,4
2013-04-18,6069250.9967044,4
2013-04-22,6117020.646704401,4
2013-04-23,6120784.2167044,4
2013-04-25,6192265.3767044,4
2013-04-26,6165348.5867044,4
2013-04-29,6213735.5467044,4
2013-04-30,6301065.5467044,4
2013-05-02,6353056.1467044,4
2013-05-03,6329949.9167044,4
2013-05-06,6372479.7767044,4
2013-05-07,6429230.5367044,4
2013-05-08,6451598.146704399,4
2013-05-09,6426569.0167044,4
2013-05-10,6470251.116704401,4
2013-05-11,6500285.076704401,4
2013-05-13,6417242.1667043995,4
2013-05-14,6432287.616704401,4
2013-05-15,6531175.0367044,4
2013-05-16,6548273.5967044,4
2013-05-17,6555988.546704399,4
2013-05-20,6507800.356704399,4
2013-05-21,6471438.6267044,4
2013-05-22,6477472.0967044,4
2013-05-23,6407021.276704401,4
2013-05-24,6416056.076704401,4
2013-05-27,6517736.1967044,4
2013-05-28,6558042.0067044,4
2013-05-29,6588277.186704401,4
2013-05-30,6615868.856704399,4
2013-05-31,6545667.1167044,4
2013-06-03,6494759.0567044,4
2013-06-04,6519537.9467044,4
2013-06-05,6517185.3767043995,4
2013-06-06,6485157.6067044,4
2013-06-07,6464059.536704401,4
2013-06-10,6451677.096704399,4
2013-06-11,6388845.7067044,4
2013-06-12,6344740.6967044,4
2013-06-13,6262560.3267044,4
2013-06-14,6343814.106704399,4
2013-06-17,6389413.9067044,4
2013-06-18,6381502.476704399,4
2013-06-19,6386487.8667044,4
2013-06-20,6267688.9467044,4
2013-06-21,6247511.6667044,4
2013-06-24,6154093.796704399,4
2013-06-25,6120997.716704401,4
2013-06-26,6134621.5967044,4
2013-06-27,6211901.896704399,4
2013-06-28,6344516.4567044005,4
2013-07-01,6409760.7167044,4
2013-07-02,6400686.0067044,4
2013-07-03,6345629.1567044,4
2013-07-04,6413969.176704399,4
2013-07-05,6437550.7967044,4
2013-07-08,6412958.5067044,4
2013-07-09,6461423.9967044,4
2013-07-10,6435124.896704399,4
2013-07-11,6508469.866704401,4
2013-07-12,6546655.036704401,4
2013-07-15,6594368.7467044,4
2013-07-16,6579751.1867044,4
2013-07-17,6636620.346704399,4
2013-07-18,6695032.0667044,4
2013-07-19,6694081.7367044,4
2013-07-22,6688812.366704401,4
2013-07-23,6708864.886704399,4
2013-07-24,6668189.3667044,4
2013-07-25,6586618.4367044,4
2013-07-26,6564251.616704401,4
2013-07-29,6496551.0667044,4
2013-07-30,6379916.5267044,4
2013-07-31,6355980.1367044,4
2013-08-01,6329515.306704401,4
2013-08-02,6279680.226704399,4
2013-08-05,6264457.576704401,4
2013-08-06,6124950.2567044,4
2013-08-07,6078838.4767044,4
2013-08-08,6116107.636704399,4
2013-08-12,6223275.6467044,4
2013-08-13,6314329.7667044,4
2013-08-14,6363723.8367044,4
2013-08-16,6193795.2067044,4
2013-08-19,6073014.4067044,4
2013-08-20,6011133.046704399,4
2013-08-21,5917384.4967044005,4
2013-08-22,5982580.1867044,4
2013-08-23,6042862.636704401,4
2013-08-26,6083909.146704399,4
2013-08-27,5939217.9167043995,4
2013-08-28,5910325.8267044,4
2013-08-29,6031410.656704401,4
2013-08-30,6107161.1667044,4
2013-09-02,6179735.7967044,4
2013-09-03,6020946.506704399,4
2013-09-04,6121615.826704401,4
2013-09-05,6200618.0467044,4
2013-09-06,6244941.616704399,4
2013-09-10,6446616.116704401,4
2013-09-11,6470659.116704401,4
2013-09-12,6424213.0567044,4
2013-09-13,6422869.7967044,4
2013-09-16,6401103.7467044,4
2013-09-17,6405944.4867044,4
2013-09-18,6450948.4267044,4
2013-09-19,6589680.926704401,4
2013-09-20,6552702.8967044,4
2013-09-23,6493840.4567044,4
2013-09-24,6515238.4267044,4
2013-09-25,6516697.806704399,4
2013-09-26,6521294.3667044,4
2013-09-27,6523791.066704401,4
2013-09-30,6492024.016704401,4
2013-10-01,6509220.846704399,4
2013-10-03,6601857.896704399,4
2013-10-04,6610902.426704401,4
2013-10-07,6639572.1967044,4
2013-10-08,6641681.6467044,4
2013-10-09,6711018.506704399,4
2013-10-10,6738616.786704401,4
2013-10-11,6743381.006704401,4
2013-10-14,6756799.516704401,4
2013-10-15,6731956.4167044,4
2013-10-17,6691552.9367044,4
2013-10-18,6764124.596704399,4
2013-10-21,6773618.3767043995,4
2013-10-22,6796718.9267044,4
2013-10-23,6772537.476704401,4
2013-10-24,6732669.4567044,4
2013-10-25,6721066.8267044,4
2013-10-28,6656682.476704399,4
2013-10-29,6744692.096704399,4
2013-10-30,6786877.156704401,4
2013-10-31,6807710.6267043995,4
2013-11-01,6813634.926704399,4
2013-11-03,6843655.436704401,4
2013-11-05,6786355.5167044,4
2013-11-06,6800389.6567044,4
2013-11-07,6781450.5067044,4
2013-11-08,6759438.1467044,4
2013-11-11,6719201.2567044,4
2013-11-12,6697732.6667044,4
2013-11-13,6670065.6667043995,4
2013-11-14,6684982.5767044,4
2013-11-18,6752441.4167043995,4
2013-11-19,6746506.486704401,4
2013-11-20,6692211.7467044,4
2013-11-21,6605741.5067044,4
2013-11-22,6598022.2167044,4
2013-11-25,6666506.756704401,4
2013-11-26,6645618.9067044,4
2013-11-27,6646034.6267043995,4
2013-11-28,6673845.8867044,4
2013-11-29,6735155.8167044,4
2013-12-02,6787870.9967044,4
2013-12-03,6779352.1467044,4
2013-12-04,6742468.056704399,4
2013-12-05,6734857.356704399,4
2013-12-06,6766650.1167044,4
2013-12-09,6802702.2867044,4
2013-12-10,6809426.5067044,4
2013-12-11,6807409.7667044,4
2013-12-12,6757519.466704399,4
2013-12-13,6698668.1167044,4
2013-12-16,6723844.6967044,4
2013-12-17,6735469.566704399,4
2013-12-18,6814572.0067044,4
2013-12-19,6819873.2467044005,4
2013-12-20,6902663.326704399,4
2013-12-23,6914259.4767044,4
2013-12-24,6924811.836704399,4
2013-12-26,6912752.8767043995,4
2013-12-27,6951011.896704399,4
2013-12-30,6942474.6667043995,4
2013-12-31,6966022.686704399,4
2014-01-01,6987545.5867044,4
2014-01-02,6905893.2967044,4
2014-01-03,6940417.5967044,4
2014-01-06,6940983.2467044,4
2014-01-07,6916358.7467044005,4
2014-01-08,6953895.2567044,4
2014-01-09,6950436.0767044,4
2014-01-10,6957994.8167044,4
2014-01-13,6981054.3067044,4
2014-01-14,6960327.3067044,4
2014-01-15,6993631.6367044,4
2014-01-16,6988947.536704401,4
2014-01-17,6928210.006704399,4
2014-01-20,6994625.6267044,4
2014-01-21,6971760.4267044,4
2014-01-22,6991414.476704401,4
2014-01-23,6984637.146704399,4
2014-01-24,6945002.336704399,4
2014-01-27,6858690.0367044,4
2014-01-28,6846286.6967044,4
2014-01-29,6864728.2867044,4
2014-01-30,6815401.8367044,4
2014-01-31,6862934.2267044,4
2014-02-03,6842953.4367044,4
2014-02-04,6834477.966704401,4
2014-02-05,6862336.3167044,4
2014-02-06,6885648.336704399,4
2014-02-07,6918951.0467044,4
2014-02-10,6915639.7167044,4
2014-02-11,6920753.1467044,4
2014-02-12,6928169.5067044,4
2014-02-13,6858633.4967044,4
2014-02-14,6879054.2067044005,4
2014-02-17,6883804.566704401,4
2014-02-18,6897408.4667044,4
2014-02-19,6926921.6867044,4
2014-02-20,6902706.0367044,4
2014-02-21,6956748.6667044,4
2014-02-24,6970762.796704399,4
2014-02-25,6996298.5467044,4
2014-02-26,7026244.5867044,4
2014-02-28,7079862.2767044,4
2014-03-03,7030423.466704399,4
2014-03-04,7067901.0867044,4
2014-03-05,7070351.426704401,4
2014-03-06,7114816.7867044,4
2014-03-07,7084642.3567044,4
2014-03-10,7040988.8767044,4
2014-03-11,7025798.5167044,4
2014-03-12,7060874.4567044,4
2014-03-13,7036522.2067044005,4
2014-03-14,7051518.5867044,4
2014-03-18,7091034.8167044,4
2014-03-19,7105642.016704401,4
2014-03-20,7107041.7067044005,4
2014-03-21,7109361.426704399,4
2014-03-22,7130219.3267044,4
2014-03-24,7157068.4167043995,4
2014-03-25,7171813.9167044,4
2014-03-26,7135434.5667044,4
2014-03-27,7165591.726704401,4
2014-03-28,7220644.426704399,4
2014-03-31,7253586.4367044,4
2014-04-01,7266794.3667044,4
2014-04-02,7286895.2067044,4
2014-04-03,7321721.9267044,4
2014-04-04,7300319.6167044,4
2014-04-07,7281168.526704399,4
2014-04-09,7334397.0667044,4
2014-04-10,7312805.736704401,4
2014-04-11,7328813.446704401,4
2014-04-15,7321486.4067044,4
2014-04-16,7266153.9167043995,4
2014-04-17,7342240.636704401,4
2014-04-21,7369585.766704399,4
2014-04-22,7383568.546704399,4
2014-04-23,7391748.4567044,4
2014-04-25,7340631.2367044,4
2014-04-28,7341188.1867044,4
2014-04-29,7317362.9167043995,4
2014-04-30,7290504.816704399,4
2014-05-02,7315211.2767044,4
2014-05-05,7305917.5067044,4
2014-05-06,7302972.6067044,4
2014-05-07,7255446.8867044,4
2014-05-08,7264305.4167043995,4
2014-05-09,7327211.756704399,4
2014-05-12,7401534.106704399,4
2014-05-13,7480591.1267043995,4
2014-05-14,7514072.2267044,4
2014-05-15,7462484.8767044,4
2014-05-16,7444284.6267043995,4
2014-05-19,7384895.3167044,4
2014-05-20,7455517.3467044,4
2014-05-21,7502951.0867044,4
2014-05-22,7565556.3367044,4
2014-05-23,7622503.1967044,4
2014-05-26,7543759.816704402,4
2014-05-27,7550082.1267043995,4
2014-05-28,7600699.5567044,4
2014-05-29,7557658.116704401,4
2014-05-30,7619611.6467044,4
2014-06-02,7673431.6867044,4
2014-06-03,7714671.2767044,4
2014-06-04,7736827.6267043995,4
2014-06-05,7803487.6267044,4
2014-06-06,7897143.346704401,4
2014-06-09,8013052.856704401,4
2014-06-10,8067775.1667043995,4
2014-06-11,8079642.2167044,4
2014-06-12,8133940.226704401,4
2014-06-13,8055826.2167044,4
2014-06-16,8074476.2867044,4
2014-06-17,8138554.256704399,4
2014-06-18,8105541.1667043995,4
2014-06-19,8132403.426704399,4
2014-06-20,8122088.8867044,4
2014-06-23,8123874.006704401,4
2014-06-24,8203184.5767044,4
2014-06-25,8247709.586704399,4
2014-06-26,8241418.9667044,4
2014-06-27,8319323.7667044,4
2014-06-30,8416239.0967044,4
2014-07-01,8443203.1167044,4
2014-07-02,8545455.476704402,4
2014-07-03,8541073.8967044,4
2014-07-04,8579820.456704399,4
2014-07-07,8630946.0167044,4
2014-07-08,8441216.0267044,4
2014-07-09,8352113.946704401,4
2014-07-10,8312978.5167044,4
2014-07-11,8264882.836704399,4
2014-07-14,8245926.856704401,4
2014-07-15,8320752.9767044,4
2014-07-16,8385562.576704401,4
2014-07-17,8468688.546704398,4
2014-07-18,8472178.106704399,4
2014-07-21,8511691.4567044,4
2014-07-22,8567390.4167044,4
2014-07-23,8590265.936704399,4
2014-07-24,8579723.6067044,4
2014-07-25,8593062.786704399,4
2014-07-28,8564125.666704401,4
2014-07-30,8624201.4567044,4
2014-07-31,8615106.2467044,4
2014-08-01,8518861.7367044,4
2014-08-04,8594718.766704401,4
2014-08-05,8658683.0267044,4
2014-08-06,8636157.8567044,4
2014-08-07,8599018.1767044,4
2014-08-08,8523967.166704401,4
2014-08-11,8556726.8367044,4
2014-08-12,8603888.5867044,4
2014-08-13,8612414.2467044,4
2014-08-14,8657608.8667044,4
2014-08-18,8759993.8167044,4
2014-08-19,8818800.116704399,4
2014-08-20,8850466.6667044,4
2014-08-21,8886906.6667044,4
2014-08-22,8900626.5867044,4
2014-08-25,8922217.1067044,4
2014-08-26,8970184.9267044,4
2014-08-27,9042492.6367044,4
2014-08-28,9028919.266704401,4
2014-09-01,9127237.7567044,4
2014-09-02,9218436.9367044,4
2014-09-03,9285555.406704402,4
2014-09-04,9313004.766704401,4
2014-09-05,9347872.1167044,4
2014-09-08,9458433.796704398,4
2014-09-09,9469712.736704402,4
2014-09-10,9436638.6267044,4
2014-09-11,9493164.0067044,4
2014-09-12,9578539.9867044,4
2014-09-15,9595721.9067044,4
2014-09-16,9409658.0767044,4
2014-09-17,9448184.496704398,4
2014-09-18,9590523.7567044,4
2014-09-19,9628353.2367044,4
2014-09-22,9612256.3167044,4
2014-09-23,9469061.9667044,4
2014-09-24,9442202.836704401,4
2014-09-25,9361621.196704399,4
2014-09-26,9423256.346704401,4
2014-09-29,9531282.246704401,4
2014-09-30,9577264.9067044,4
2014-10-01,9590582.5367044,4
2014-10-07,9480554.8367044,4
2014-10-08,9367859.296704398,4
2014-10-09,9486478.206704399,4
2014-10-10,9406266.1067044,4
2014-10-13,9431750.176704401,4
2014-10-14,9422966.5367044,4
2014-10-16,9230255.846704401,4
2014-10-17,9217300.2167044,4
2014-10-20,9314469.9267044,4
2014-10-21,9391754.866704399,4
2014-10-22,9511312.356704399,4
2014-10-23,9560620.8167044,4
2014-10-27,9512682.2167044,4
2014-10-28,9536050.536704399,4
2014-10-29,9601423.5867044,4
2014-10-30,9696267.3667044,4
2014-10-31,9840600.3167044,4
2014-11-03,9869179.3967044,4
2014-11-05,9885038.116704399,4
2014-11-07,9949506.376704399,4
2014-11-10,10013615.606704399,4
2014-11-11,10039416.7367044,4
2014-11-12,10088563.126704399,4
2014-11-13,10113974.856704399,4
2014-11-14,10140607.6867044,4
2014-11-17,10203957.9767044,4
2014-11-18,10221885.1967044,4
2014-11-19,10202612.2767044,4
2014-11-20,10215023.6267044,4
2014-11-21,10184267.8067044,4
2014-11-24,10197617.5667044,4
2014-11-25,10145440.7367044,4
2014-11-26,10162413.9967044,4
2014-11-27,10223977.876704399,4
2014-11-28,10267569.4467044,4
2014-12-01,10324201.3867044,4
2014-12-02,10320172.1867044,4
2014-12-03,10402060.3267044,4
2014-12-04,10417082.7967044,4
2014-12-05,10348968.7767044,4
2014-12-08,10244745.0167044,4
2014-12-09,10141014.6367044,4
2014-12-10,10170699.4267044,4
2014-12-11,10103833.9967044,4
2014-12-12,10039916.7967044,4
2014-12-15,10001374.6567044,4
2014-12-16,9792838.2167044,4
2014-12-17,9701416.0667044,4
2014-12-18,9917927.506704401,4
2014-12-19,9981043.936704399,4
2014-12-22,10068891.3067044,4
2014-12-23,10038161.9467044,4
2014-12-24,9947588.3367044,4
2014-12-26,9984381.8067044,4
2014-12-29,10079651.0067044,4
2014-12-30,10106845.536704399,4
2014-12-31,10197753.3667044,4
2015-01-01,10213315.9867044,4
2015-01-02,10324976.6167044,4
2015-01-05,10311846.076704402,4
2015-01-06,10045674.9567044,4
2015-01-07,10063269.7467044,4
2015-01-08,10220749.4967044,4
2015-01-09,10303129.416704401,4
2015-01-12,10371200.6467044,4
2015-01-13,10391048.0467044,4
2015-01-14,10426023.196704399,4
2015-01-15,10542604.616704399,4
2015-01-16,10610166.016704401,4
2015-01-19,10627036.686704399,4
2015-01-20,10672362.526704399,4
2015-01-21,10732749.8867044,4
2015-01-22,10776173.006704401,4
2015-01-23,10789282.1367044,4
2015-01-27,10802065.3567044,4
2015-01-28,10894945.3967044,4
2015-01-29,10887289.7167044,4
2015-01-30,10819712.806704402,4
2015-02-02,10817733.3067044,4
2015-02-03,10797922.0567044,4
2015-02-04,10767820.606704399,4
2015-02-05,10734498.8667044,4
2015-02-06,10646889.4067044,4
2015-02-09,10527768.566704398,4
2015-02-10,10583244.5667044,4
2015-02-11,10727288.4767044,4
2015-02-12,10836086.9767044,4
2015-02-13,10945718.9467044,4
2015-02-16,10933121.666704401,4
2015-02-18,10990480.196704399,4
2015-02-19,10976777.336704401,4
2015-02-20,10951340.796704398,4
2015-02-23,10864882.3967044,4
2015-02-24,10865193.2467044,4
2015-02-25,10866049.8067044,4
2015-02-26,10748011.6267044,4
2015-02-27,10907998.4967044,4
2015-02-28,10983776.226704398,4
2015-03-02,11143295.6267044,4
2015-03-03,11268802.346704401,4
2015-03-04,11186490.5467044,4
2015-03-05,11285964.6967044,4
2015-03-09,11195492.7167044,4
2015-03-10,11177259.6067044,4
2015-03-11,11147006.5967044,4
2015-03-12,11268296.006704401,4
2015-03-13,11097599.2067044,4
2015-03-16,11108228.126704399,4
2015-03-17,11217690.016704401,4
2015-03-18,11186334.4367044,4
2015-03-19,11166969.8267044,4
2015-03-20,11043739.4167044,4
2015-03-23,11001795.096704401,4
2015-03-24,10999041.546704398,4
2015-03-25,10987010.446704399,4
2015-03-26,10823158.296704398,4
2015-03-27,10796264.096704401,4
2015-03-30,10966806.176704401,4
2015-03-31,11005942.8067044,4
2015-04-01,11140481.2567044,4
2015-04-06,11284378.4767044,4
2015-04-07,11315662.0967044,4
2015-04-08,11436782.3167044,4
2015-04-09,11456718.336704401,4
2015-04-10,11469928.126704399,4
2015-04-13,11504832.276704399,4
2015-04-15,11373455.8667044,4
2015-04-16,11279432.0967044,4
2015-04-17,11055073.7067044,4
2015-04-20,10848935.5767044,4
2015-04-21,10744216.076704402,4
2015-04-22,10754947.786704399,4
2015-04-23,10733273.5467044,4
2015-04-24,10539311.106704399,4
2015-04-27,10319524.276704399,4
2015-04-28,10427504.3567044,4
2015-04-29,10480111.296704398,4
2015-04-30,10441343.8067044,4
2015-05-04,10661918.6067044,4
2015-05-05,10689825.176704401,4
2015-05-06,10400438.0767044,4
2015-05-07,10303055.8667044,4
2015-05-08,10458869.3967044,4
2015-05-11,10615199.6067044,4
2015-05-12,10441829.3067044,4
2015-05-13,10535315.476704398,4
2015-05-14,10593707.2167044,4
2015-05-15,10640766.7067044,4
2015-05-18,10753153.986704402,4
2015-05-19,10764290.086704401,4
2015-05-20,10808240.5767044,4
2015-05-21,10838399.9867044,4
2015-05-22,10895596.616704399,4
2015-05-25,10841992.816704398,4
2015-05-26,10826750.7467044,4
2015-05-27,10772971.4667044,4
2015-05-28,10751253.446704399,4
2015-05-29,10930791.5367044,4
2015-06-01,10926141.326704402,4
2015-06-02,10676914.596704401,4
2015-06-03,10554224.7167044,4
2015-06-04,10541195.5567044,4
2015-06-05,10546930.196704399,4
2015-06-08,10411695.2167044,4
2015-06-09,10337874.7867044,4
2015-06-10,10473210.356704399,4
2015-06-11,10283715.4267044,4
2015-06-12,10255861.3667044,4
2015-06-15,10300966.9167044,4
2015-06-16,10361716.856704399,4
2015-06-17,10489473.5767044,4
2015-06-18,10609756.006704401,4
2015-06-19,10675335.0767044,4
2015-06-22,10793866.746704401,4
2015-06-23,10805801.916704401,4
2015-06-24,10789881.516704401,4
2015-06-25,10804313.5767044,4
2015-06-26,10850076.5367044,4
2015-06-29,10720219.2167044,4
2015-06-30,10824666.936704399,4
2015-07-01,10944770.576704402,4
2015-07-02,10976122.476704398,4
2015-07-03,10995168.256704401,4
2015-07-06,11071393.1467044,4
2015-07-07,11101732.5467044,4
2015-07-08,10940793.4567044,4
2015-07-09,10880179.0367044,4
2015-07-10,10879497.9567044,4
2015-07-13,11021139.756704401,4
2015-07-14,11068903.7167044,4
2015-07-15,11141561.3167044,4
2015-07-16,11248641.0867044,4
2015-07-17,11268093.2767044,4
2015-07-20,11308600.1267044,4
2015-07-21,11188111.6467044,4
2015-07-22,11295216.616704399,4
2015-07-23,11258496.9167044,4
2015-07-24,11196634.156704402,4
2015-07-27,11056876.3267044,4
2015-07-28,11017081.1867044,4
2015-07-29,11121749.456704399,4
2015-07-30,11178227.696704399,4
2015-07-31,11306058.3967044,4
2015-08-03,11327960.836704401,4
2015-08-04,11389759.516704401,4
2015-08-05,11511888.4667044,4
2015-08-06,11533304.7767044,4
2015-08-07,11503122.4167044,4
2015-08-10,11490524.5167044,4
2015-08-11,11422388.3367044,4
2015-08-12,11282402.3167044,4
2015-08-13,11260590.356704399,4
2015-08-14,11456230.8367044,4
2015-08-17,11444959.016704401,4
2015-08-18,11514462.9967044,4
2015-08-19,11591876.766704401,4
2015-08-20,11436276.926704401,4
2015-08-21,11363881.0467044,4
2015-08-24,10569098.8967044,4
2015-08-25,10688869.036704399,4
2015-08-26,10648990.4567044,4
2015-08-27,10862842.896704398,4
2015-08-28,10911965.8467044,4
2015-08-31,10905987.8367044,4
2015-09-01,10705683.3767044,4
2015-09-02,10664670.2967044,4
2015-09-03,10764896.806704402,4
2015-09-04,10548898.5367044,4
2015-09-07,10354598.2567044,4
2015-09-08,10415287.1167044,4
2015-09-09,10591474.2767044,4
2015-09-10,10561366.976704402,4
2015-09-11,10603497.8767044,4
2015-09-14,10702763.8267044,4
2015-09-15,10674230.1767044,4
2015-09-16,10683118.3067044,4
2015-09-18,10769746.856704399,4
2015-09-21,10788656.7267044,4
2015-09-22,10656361.286704399,4
2015-09-23,10681633.7467044,4
2015-09-24,10752772.2767044,4
2015-09-28,10736453.386704398,4
2015-09-29,10745263.6967044,4
2015-09-30,10945716.1667044,4
2015-10-01,10977908.0567044,4
2015-10-05,11126766.5867044,4
2015-10-06,11193490.136704398,4
2015-10-07,11156666.1467044,4
2015-10-08,11080176.5867044,4
2015-10-09,11104286.5667044,4
2015-10-12,11053240.3167044,4
2015-10-13,11037095.7967044,4
2015-10-14,11028872.1167044,4
2015-10-15,11053232.686704399,4
2015-10-16,11093709.5567044,4
2015-10-19,11183738.4767044,4
2015-10-20,11181825.5067044,4
2015-10-21,11182752.2867044,4
2015-10-23,11185204.2067044,4
2015-10-26,11137154.1367044,4
2015-10-27,11127904.4267044,4
2015-10-28,11107659.6867044,4
2015-10-29,11071905.7967044,4
2015-10-30,11031724.2667044,4
2015-11-02,11015427.246704401,4
2015-11-03,11052131.696704403,4
2015-11-04,11017820.0667044,4
2015-11-05,10903546.016704401,4
2015-11-06,10808344.4567044,4
2015-11-09,10822042.096704401,4
2015-11-10,10670408.9867044,4
2015-11-11,10742509.726704402,4
2015-11-13,10622117.596704401,4
2015-11-16,10636277.6167044,4
2015-11-17,10673630.8567044,4
2015-11-18,10597718.2867044,4
2015-11-19,10727950.6167044,4
2015-11-20,10795877.916704401,4
2015-11-23,10845506.2567044,4
2015-11-24,10835761.6767044,4
2015-11-26,10817468.0767044,4
2015-11-27,10860796.8067044,4
2015-11-30,10863124.1767044,4
2015-12-01,10937221.5567044,4
2015-12-02,10935978.416704401,4
2015-12-03,10842860.406704402,4
2015-12-04,10757341.1467044,4
2015-12-07,10745609.6567044,4
2015-12-08,10655834.7667044,4
2015-12-09,10488819.396704402,4
2015-12-10,10580442.426704401,4
2015-12-11,10524585.7167044,4
2015-12-14,10589888.5867044,4
2015-12-15,10658748.7667044,4
2015-12-16,10688859.6167044,4
2015-12-17,10859032.166704401,4
2015-12-18,10794379.7967044,4
2015-12-21,10868960.706704399,4
2015-12-22,10818466.8867044,4
2015-12-23,10895672.2467044,4
2015-12-24,10904513.776704399,4
2015-12-28,10960814.0967044,4
2015-12-29,10978614.516704401,4
2015-12-30,10941876.6267044,4
2015-12-31,10985931.686704399,4
2016-01-01,11020638.3367044,4
2016-01-04,10887099.5367044,4
2016-01-05,10916413.116704399,4
2016-01-06,10875053.6667044,4
2016-01-07,10648969.1167044,4
2016-01-08,10695002.406704402,4
2016-01-11,10613545.2167044,4
2016-01-12,10580035.416704401,4
2016-01-13,10541744.3167044,4
2016-01-14,10518543.6667044,4
2016-01-15,10336557.686704399,4
2016-01-18,10136239.016704401,4
2016-01-19,10227811.966704398,4
2016-01-20,10081907.7267044,4
2016-01-21,10034422.6667044,4
2016-01-22,10233186.3067044,4
2016-01-25,10261977.5967044,4
2016-01-27,10263874.1667044,4
2016-01-28,10266450.3667044,4
2016-01-29,10476353.0167044,4
2016-02-01,10527424.706704402,4
2016-02-02,10430186.8967044,4
2016-02-03,10321270.7567044,4
2016-02-04,10313545.1467044,4
2016-02-05,10467548.9467044,4
2016-02-08,10369274.9667044,4
2016-02-09,10222569.076704402,4
2016-02-10,10107547.286704399,4
2016-02-11,9778907.2167044,4
2016-02-12,9746650.566704398,4
2016-02-15,9978282.9867044,4
2016-02-16,9815787.8467044,4
2016-02-17,9885498.0567044,4
2016-02-18,9986157.116704399,4
2016-02-19,10000952.2967044,4
2016-02-22,10054225.1167044,4
2016-02-23,9901992.2467044,4
2016-02-24,9771659.2967044,4
2016-02-25,9697397.626704399,4
2016-02-26,9711786.4967044,4
2016-02-29,9698142.556704398,4
2016-03-01,9997414.3667044,4
2016-03-02,10145842.9767044,4
2016-03-03,10270886.2267044,4
2016-03-04,10311037.706704399,4
2016-03-08,10309862.9067044,4
2016-03-09,10355865.4967044,4
2016-03-10,10316251.3567044,4
2016-03-11,10347441.2567044,4
2016-03-14,10388211.8167044,4
2016-03-15,10236803.336704401,4
2016-03-16,10216487.7867044,4
2016-03-17,10231307.3067044,4
2016-03-18,10306869.306704402,4
2016-03-21,10420268.2567044,4
2016-03-22,10420647.276704399,4
2016-03-23,10425564.5467044,4
2016-03-28,10298715.486704398,4
2016-03-29,10244711.526704399,4
2016-03-30,10406795.7067044,4
2016-03-31,10462734.7167044,4
2016-04-01,10460892.996704401,4
2016-04-04,10517900.8867044,4
2016-04-05,10400247.746704401,4
2016-04-06,10447458.356704399,4
2016-04-07,10372718.666704401,4
2016-04-08,10410097.5767044,4
2016-04-11,10524564.8167044,4
2016-04-12,10596205.7567044,4
2016-04-13,10731896.9167044,4
2016-04-18,10833788.416704401,4
2016-04-20,10827495.7367044,4
2016-04-21,10758619.9567044,4
2016-04-22,10731323.6267044,4
2016-04-25,10671155.316704398,4
2016-04-26,10752402.1967044,4
2016-04-27,10795766.696704399,4
2016-04-28,10653126.036704399,4
2016-04-29,10666284.1667044,4
2016-05-02,10689959.4467044,4
2016-05-03,10601876.6467044,4
2016-05-04,10542967.3867044,4
2016-05-05,10559044.616704399,4
2016-05-06,10569209.4967044,4
2016-05-09,10687102.626704399,4
2016-05-10,10713196.8367044,4
2016-05-11,10681887.366704399,4
2016-05-12,10750545.7367044,4
2016-05-13,10686135.4767044,4
2016-05-16,10709310.5067044,4
2016-05-17,10735098.306704402,4
2016-05-18,10716144.8367044,4
2016-05-19,10604493.7367044,4
2016-05-20,10532725.0467044,4
2016-05-23,10493597.7067044,4
2016-05-24,10467674.4767044,4
2016-05-25,10618909.586704401,4
2016-05-26,10728865.0367044,4
2016-05-27,10803801.6567044,4
2016-05-30,10858371.916704401,4
2016-05-31,10815761.676704401,4
2016-06-01,10884945.0567044,4
2016-06-02,10928921.6567044,4
2016-06-03,10925867.4667044,4
2016-06-06,10897250.4967044,4
2016-06-07,10953401.7067044,4
2016-06-08,10960244.8967044,4
2016-06-09,10873417.5967044,4
2016-06-10,10857413.346704401,4
2016-06-13,10816860.1067044,4
2016-06-14,10818873.436704399,4
2016-06-15,10900922.486704402,4
2016-06-16,10855638.4167044,4
2016-06-17,10881591.296704398,4
2016-06-20,10939408.7967044,4
2016-06-21,10939951.6367044,4
2016-06-22,10937793.626704402,4
2016-06-23,10954232.2067044,4
2016-06-24,10834018.3367044,4
2016-06-27,10867594.6467044,4
2016-06-28,10929980.036704399,4
2016-06-29,11025373.0467044,4
2016-06-30,11127909.576704402,4
2016-07-01,11197633.676704401,4
2016-07-04,11238980.3767044,4
2016-07-05,11203624.726704398,4
2016-07-07,11206026.606704399,4
2016-07-08,11212859.716704398,4
2016-07-11,11345420.956704399,4
2016-07-12,11358525.3067044,4
2016-07-13,11345069.3867044,4
2016-07-14,11397274.8167044,4
2016-07-15,11320930.416704401,4
2016-07-18,11288631.2367044,4
2016-07-19,11288577.9167044,4
2016-07-20,11371908.286704399,4
2016-07-21,11367378.3767044,4
2016-07-22,11397988.626704399,4
2016-07-25,11485118.256704401,4
2016-07-26,11440380.4267044,4
2016-07-27,11441733.016704401,4
2016-07-28,11543635.7367044,4
2016-07-29,11579438.8267044,4
2016-08-01,11644176.6067044,4
2016-08-02,11645975.6767044,4
2016-08-03,11514567.9067044,4
2016-08-04,11519903.436704399,4
2016-08-05,11659038.8167044,4
2016-08-08,11759367.106704399,4
2016-08-09,11701697.1867044,4
2016-08-10,11573091.206704399,4
2016-08-11,11640766.7167044,4
2016-08-12,11682324.5467044,4
2016-08-16,11667067.916704401,4
2016-08-17,11679549.0567044,4
2016-08-18,11726833.846704401,4
2016-08-19,11740874.486704402,4
2016-08-22,11689980.7967044,4
2016-08-23,11676864.9567044,4
2016-08-24,11729513.356704399,4
2016-08-25,11677238.9667044,4
2016-08-26,11675294.106704399,4
2016-08-29,11660179.0367044,4
2016-08-30,11806761.7167044,4
2016-08-31,11859823.506704401,4
2016-09-01,11848461.2267044,4
2016-09-02,11868848.5567044,4
2016-09-06,12020891.3967044,4
2016-09-07,11989437.0767044,4
2016-09-08,12047063.1167044,4
2016-09-09,11942198.8467044,4
2016-09-12,11746171.0467044,4
2016-09-14,11798884.6967044,4
2016-09-15,11809867.2067044,4
2016-09-16,11865171.8267044,4
2016-09-19,11887879.4767044,4
2016-09-20,11845761.366704399,4
2016-09-21,11853679.6367044,4
2016-09-22,11952095.616704399,4
2016-09-23,11936425.3267044,4
2016-09-26,11863584.3067044,4
2016-09-27,11869984.346704401,4
2016-09-28,11906804.606704399,4
2016-09-29,11625953.946704399,4
2016-09-30,11710922.796704398,4
2016-10-03,11937720.4167044,4
2016-10-04,11986009.6967044,4
2016-10-05,11993429.9667044,4
2016-10-06,11954034.5767044,4
2016-10-07,11919556.2967044,4
2016-10-10,11949955.3767044,4
2016-10-13,11821578.226704402,4
2016-10-14,11837268.5067044,4
2016-10-17,11751320.4967044,4
2016-10-18,11913365.5467044,4
2016-10-19,11912060.2567044,4
2016-10-20,11914418.7067044,4
2016-10-21,11920854.9967044,4
2016-10-24,11902462.0867044,4
2016-10-25,11903560.2567044,4
2016-10-26,11846697.466704398,4
2016-10-27,11730638.6067044,4
2016-10-28,11832064.036704399,4
2016-10-30,11859073.1067044,4
2016-11-01,11845454.506704401,4
2016-11-02,11678050.3267044,4
2016-11-03,11609070.886704398,4
2016-11-04,11526262.436704399,4
2016-11-07,11599466.2067044,4
2016-11-08,11638524.086704401,4
2016-11-09,11412961.676704401,4
2016-11-10,11493714.5667044,4
2016-11-11,11100439.536704399,4
2016-11-15,10693403.0167044,4
2016-11-16,10754451.846704401,4
2016-11-17,10711527.1067044,4
2016-11-18,10722995.1367044,4
2016-11-21,10519881.8867044,4
2016-11-22,10680542.1767044,4
2016-11-23,10801168.846704401,4
2016-11-24,10775114.966704398,4
2016-11-25,10991826.8367044,4
2016-11-28,11036779.2067044,4
2016-11-29,11083183.1467044,4
2016-11-30,11177934.8867044,4
2016-12-01,11089710.4767044,4
2016-12-02,10942492.1367044,4
2016-12-05,11010043.5867044,4
2016-12-06,11027815.096704401,4
2016-12-07,10993154.4867044,4
2016-12-08,11167026.8067044,4
2016-12-09,11175796.0767044,4
2016-12-12,11024321.8967044,4
2016-12-13,11020653.7467044,4
2016-12-14,10960441.0567044,4
2016-12-15,10934243.216704402,4
2016-12-16,10914613.0367044,4
2016-12-19,10851522.176704401,4
2016-12-20,10795718.6267044,4
2016-12-21,10768900.1867044,4
2016-12-22,10638270.296704398,4
2016-12-23,10612509.8167044,4
2016-12-26,10455809.096704401,4
2016-12-27,10624250.476704402,4
2016-12-28,10679733.8467044,4
2016-12-29,10788760.4167044,4
2016-12-30,10902278.2767044,4
2017-01-02,10961444.7767044,4
2017-01-03,11011777.4767044,4
2017-01-04,11028331.276704399,4
2017-01-05,11129132.846704401,4
2017-01-06,11076346.6267044,4
2017-01-09,11070455.4367044,4
2017-01-10,11147972.3267044,4
2017-01-11,11273804.3467044,4
2017-01-12,11303617.2967044,4
2017-01-13,11275442.276704399,4
2017-01-16,11290390.9667044,4
2017-01-17,11305893.7767044,4
2017-01-18,11386863.1367044,4
2017-01-19,11402048.0767044,4
2017-01-20,11285742.3167044,4
2017-01-23,11352384.7167044,4
2017-01-24,11475289.7467044,4
2017-01-25,11620583.436704399,4
2017-01-27,11639236.0267044,4
2017-01-30,11643626.8667044,4
2017-01-31,11522351.4267044,4
2017-02-01,11691611.3067044,4
2017-02-02,11768916.746704401,4
2017-02-03,11807904.3667044,4
2017-02-06,11910538.586704401,4
2017-02-07,11861406.106704399,4
2017-02-08,11887077.9167044,4
2017-02-09,11919155.9767044,4
2017-02-10,11953237.6167044,4
2017-02-13,11955045.926704401,4
2017-02-14,11905526.0967044,4
2017-02-15,11806879.9667044,4
2017-02-16,11950036.5167044,4
2017-02-17,11973213.2767044,4
2017-02-20,12051669.5667044,4
2017-02-21,12096897.706704399,4
2017-02-22,12052333.9567044,4
2017-02-23,12077728.5767044,4
2017-02-27,12082285.1467044,4
2017-02-28,12087519.4167044,4
2017-03-01,12139514.716704402,4
2017-03-02,12063761.6567044,4
2017-03-03,12103582.1667044,4
2017-03-06,12158536.2467044,4
2017-03-07,12144833.4367044,4
2017-03-08,12126925.5367044,4
2017-03-09,12132772.346704401,4
2017-03-10,12128639.3467044,4
2017-03-14,12308920.4567044,4
2017-03-15,12320657.1967044,4
2017-03-16,12438996.3867044,4
2017-03-17,12452660.7267044,4
2017-03-20,12435171.5667044,4
2017-03-21,12423249.1167044,4
2017-03-22,12328838.416704401,4
2017-03-23,12413666.186704399,4
2017-03-24,12415349.0867044,4
2017-03-27,12352262.126704399,4
2017-03-28,12427759.6767044,4
2017-03-29,12478506.4567044,4
2017-03-30,12511485.0267044,4
2017-03-31,12576435.466704398,4
2017-04-03,12605144.4967044,4
2017-04-05,12639672.576704402,4
2017-04-06,12632925.916704401,4
2017-04-07,12589749.4067044,4
2017-04-10,12595342.0867044,4
2017-04-11,12647945.2067044,4
2017-04-12,12625630.8667044,4
2017-04-13,12561128.7867044,4
2017-04-17,12527512.2567044,4
2017-04-18,12475958.776704399,4
2017-04-19,12507491.9167044,4
2017-04-20,12592586.1267044,4
2017-04-21,12580412.846704401,4
2017-04-24,12659403.8767044,4
2017-04-25,12786653.8967044,4
2017-04-26,12768317.1367044,4
2017-04-27,12751952.9567044,4
2017-04-28,12758319.9867044,4
2017-05-02,12804073.7467044,4
2017-05-03,12808275.5667044,4
2017-05-04,12830471.506704401,4
2017-05-05,12718202.6667044,4
2017-05-08,12781454.9567044,4
2017-05-09,12814879.3367044,4
2017-05-10,12932471.346704401,4
2017-05-11,12979844.6367044,4
2017-05-12,12935884.7367044,4
2017-05-15,13016944.7367044,4
2017-05-16,13072797.976704398,4
2017-05-17,13041214.4167044,4
2017-05-18,12890481.586704401,4
2017-05-19,12791032.526704399,4
2017-05-22,12672146.436704399,4
2017-05-23,12551822.1667044,4
2017-05-24,12435796.186704399,4
2017-05-25,12595015.1467044,4
2017-05-26,12729653.3667044,4
2017-05-29,12685768.2167044,4
2017-05-30,12769695.5567044,4
2017-05-31,12811579.766704401,4
2017-06-01,12866067.0067044,4
2017-06-02,12945603.366704399,4
2017-06-05,13023249.906704398,4
2017-06-06,13004762.4867044,4
2017-06-07,13058102.1167044,4
2017-06-08,13046661.1167044,4
2017-06-09,13061399.4167044,4
2017-06-12,13014242.4067044,4
2017-06-13,12995892.2367044,4
2017-06-14,13006630.9467044,4
2017-06-15,12978022.0967044,4
2017-06-16,12977787.956704399,4
2017-06-19,13005527.346704401,4
2017-06-20,13005609.386704398,4
2017-06-21,12999952.6567044,4
2017-06-22,12927208.1467044,4
2017-06-23,12818796.6067044,4
2017-06-27,12691390.1367044,4
2017-06-28,12721484.8167044,4
2017-06-29,12755914.2967044,4
2017-06-30,12805358.486704402,4
2017-07-03,12929468.4367044,4
2017-07-04,12919641.3967044,4
2017-07-05,12983982.5867044,4
2017-07-06,12990348.6067044,4
2017-07-07,12961994.6867044,4
2017-07-10,13090574.5467044,4
2017-07-11,13081583.106704399,4
2017-07-12,13165879.3067044,4
2017-07-13,13218070.4667044,4
2017-07-14,13233990.116704399,4
2017-07-17,13289320.266704401,4
2017-07-18,13257531.7367044,4
2017-07-19,13376340.1167044,4
2017-07-20,13315175.036704399,4
2017-07-21,13378755.116704399,4
2017-07-24,13409636.0467044,4
2017-07-25,13414718.766704401,4
2017-07-26,13453662.286704399,4
2017-07-27,13406579.4067044,4
2017-07-28,13418662.9867044,4
2017-07-31,13464123.926704401,4
2017-08-01,13486629.2367044,4
2017-08-02,13484781.616704399,4
2017-08-03,13445427.0567044,4
2017-08-04,13547762.9267044,4
2017-08-07,13608558.0767044,4
2017-08-08,13512794.3467044,4
2017-08-09,13364534.7067044,4
2017-08-10,13121636.7067044,4
2017-08-11,13049808.8667044,4
2017-08-14,13257752.9267044,4
2017-08-16,13397562.4767044,4
2017-08-17,13421013.1567044,4
2017-08-18,13373022.9867044,4
2017-08-21,13228201.106704399,4
2017-08-22,13204022.5767044,4
2017-08-23,13293153.536704399,4
2017-08-24,13344212.6767044,4
2017-08-28,13475676.936704399,4
2017-08-29,13346108.0867044,4
2017-08-30,13490333.616704399,4
2017-08-31,13571389.5367044,4
2017-09-01,13679344.0567044,4
2017-09-04,13604856.0767044,4
2017-09-05,13715120.9867044,4
2017-09-06,13701326.236704398,4
2017-09-07,13782058.776704399,4
2017-09-08,13756674.3367044,4
2017-09-11,13827105.7667044,4
2017-09-12,13937094.096704401,4
2017-09-13,13879446.366704399,4
2017-09-14,13891942.4567044,4
2017-09-15,13931982.376704399,4
2017-09-18,14047155.266704401,4
2017-09-19,14066347.426704401,4
2017-09-20,13994973.276704399,4
2017-09-21,13982951.6567044,4
2017-09-22,13702263.226704398,4
2017-09-25,13548674.6767044,4
2017-09-26,13571668.3667044,4
2017-09-27,13366919.4167044,4
2017-09-28,13401724.3567044,4
2017-09-29,13484965.1367044,4
2017-10-03,13590781.4767044,4
2017-10-04,13661963.106704399,4
2017-10-05,13677332.766704401,4
2017-10-06,13818124.5467044,4
2017-10-09,13834272.1367044,4
2017-10-10,13912228.4167044,4
2017-10-11,13869129.7667044,4
2017-10-12,14039382.6667044,4
2017-10-13,14090233.7067044,4
2017-10-16,14170548.8267044,4
2017-10-17,14220526.676704401,4
2017-10-18,14219183.0667044,4
2017-10-19,14162864.656704398,4
2017-10-23,14237576.8567044,4
2017-10-24,14264339.446704399,4
2017-10-25,14232715.936704399,4
2017-10-26,14283100.566704398,4
2017-10-27,14287632.796704398,4
2017-10-30,14381177.0467044,4
2017-10-31,14387324.606704399,4
2017-11-01,14440273.946704399,4
2017-11-02,14485648.646704398,4
2017-11-03,14485045.026704399,4
2017-11-06,14550233.046704398,4
2017-11-07,14439658.3967044,4
2017-11-08,14375372.7767044,4
2017-11-09,14466889.1467044,4
2017-11-10,14474961.4367044,4
2017-11-13,14386160.3867044,4
2017-11-14,14364832.3267044,4
2017-11-15,14245368.296704398,4
2017-11-16,14365858.356704399,4
2017-11-17,14425378.046704398,4
2017-11-20,14473641.0067044,4
2017-11-21,14506511.416704401,4
2017-11-22,14489031.456704399,4
2017-11-23,14517540.3267044,4
2017-11-24,14585755.2467044,4
2017-11-27,14615748.3867044,4
2017-11-28,14628970.366704399,4
2017-11-29,14599008.346704401,4
2017-11-30,14523603.5867044,4
2017-12-01,14350634.7667044,4
2017-12-04,14393938.136704398,4
2017-12-05,14357893.156704398,4
2017-12-06,14280194.1567044,4
2017-12-07,14482356.0467044,4
2017-12-08,14612100.5967044,4
2017-12-11,14694657.0067044,4
2017-12-12,14589245.176704397,4
2017-12-13,14519759.366704399,4
2017-12-14,14542274.3467044,4
2017-12-15,14688335.986704398,4
2017-12-18,14810156.586704401,4
2017-12-19,14972143.816704398,4
2017-12-20,15010193.1567044,4
2017-12-21,15080411.3267044,4
2017-12-22,15150787.0867044,4
2017-12-26,15211343.8367044,4
2017-12-27,15165553.0367044,4
2017-12-28,15151358.1267044,4
2017-12-29,15281409.0267044,4
2018-01-01,15240662.0167044,4
2018-01-02,15170704.1667044,4
2018-01-03,15233316.436704399,4
2018-01-04,15309431.1667044,4
2018-01-05,15409970.526704399,4
2018-01-08,15570222.696704399,4
2018-01-09,15581483.8867044,4
2018-01-10,15585213.526704399,4
2018-01-11,15642613.376704399,4
2018-01-12,15647904.906704402,4
2018-01-15,15643441.6367044,4
2018-01-16,15512618.126704399,4
2018-01-17,15617685.6967044,4
2018-01-18,15510643.716704398,4
2018-01-19,15651116.646704398,4
2018-01-22,15811113.526704399,4
2018-01-23,15918531.9967044,4
2018-01-24,15854247.706704399,4
2018-01-25,15761416.4067044,4
2018-01-29,15767585.666704398,4
2018-01-30,15603385.986704402,4
2018-01-31,15374126.3767044,4
2018-02-01,15343377.5867044,4
2018-02-02,14854500.656704398,4
2018-02-05,14732097.606704399,4
2018-02-06,14434237.056704398,4
2018-02-07,14512241.8667044,4
2018-02-08,14749228.736704398,4
2018-02-09,14715908.706704399,4
2018-02-12,14936690.786704399,4
2018-02-14,14983789.6367044,4
2018-02-15,14945817.4667044,4
2018-02-16,14833427.986704398,4
2018-02-19,14685047.8267044,4
2018-02-20,14683425.906704398,4
2018-02-21,14760450.6267044,4
2018-02-22,14679488.8267044,4
2018-02-23,14856583.8167044,4
2018-02-26,14920145.216704398,4
2018-02-27,14900093.236704398,4
2018-02-28,14842630.696704399,4
2018-03-01,14816732.9167044,4
2018-03-05,14715332.396704398,4
2018-03-06,14596732.0867044,4
2018-03-07,14472189.2667044,4
2018-03-08,14554276.5167044,4
2018-03-09,14585249.756704397,4
2018-03-12,14764061.8467044,4
2018-03-13,14808048.846704401,4
2018-03-14,14762829.006704401,4
2018-03-15,14784215.8167044,4
2018-03-16,14606079.1867044,4
2018-03-19,14413154.216704398,4
2018-03-20,14486867.2367044,4
2018-03-21,14543875.846704397,4
2018-03-22,14443405.9967044,4
2018-03-23,14318070.006704401,4
2018-03-26,14422001.276704399,4
2018-03-27,14532512.0767044,4
2018-03-28,14470834.2167044,4
2018-04-02,14723549.4467044,4
2018-04-03,14781678.4667044,4
2018-04-04,14653820.366704399,4
2018-04-05,14914854.376704399,4
2018-04-06,14948799.0567044,4
2018-04-09,14999801.6767044,4
2018-04-10,14981870.2567044,4
2018-04-11,15037745.1367044,4
2018-04-12,15063829.0867044,4
2018-04-13,15138540.556704398,4
2018-04-16,15297377.466704398,4
2018-04-17,15326698.186704399,4
2018-04-18,15338544.246704401,4
2018-04-19,15431658.1667044,4
2018-04-20,15511911.4567044,4
2018-04-23,15555614.546704398,4
2018-04-24,15571162.9067044,4
2018-04-25,15574307.526704399,4
2018-04-26,15609270.1867044,4
2018-04-27,15610732.4167044,4
2018-04-30,15756812.1067044,4
2018-05-02,15622977.5767044,4
2018-05-03,15429994.8067044,4
2018-05-04,15375468.8967044,4
2018-05-07,15484890.5567044,4
2018-05-08,15485934.756704401,4
2018-05-09,15488573.8767044,4
2018-05-10,15358502.486704398,4
2018-05-11,15373908.4667044,4
2018-05-14,15280016.2267044,4
2018-05-15,15215501.306704398,4
2018-05-16,15225529.9267044,4
2018-05-17,15226859.206704399,4
2018-05-18,15129890.6967044,4
2018-05-21,14919496.5867044,4
2018-05-22,14977563.2867044,4
2018-05-23,14923817.1567044,4
2018-05-24,14983683.606704399,4
2018-05-25,15167804.2667044,4
2018-05-28,15265920.6967044,4
2018-05-29,15248881.6967044,4
2018-05-30,15206295.4967044,4
2018-05-31,15259478.5267044,4
2018-06-01,15092995.186704399,4
2018-06-04,14950135.106704399,4
2018-06-05,14745717.146704398,4
2018-06-06,14932169.3467044,4
2018-06-07,15154954.6767044,4
2018-06-08,15182478.9067044,4
2018-06-11,15198021.6467044,4
2018-06-12,15299280.4967044,4
2018-06-13,15342213.926704397,4
2018-06-14,15338556.0867044,4
2018-06-15,15354651.236704398,4
2018-06-18,15285639.7767044,4
2018-06-19,15101924.6167044,4
2018-06-20,15128649.6167044,4
2018-06-21,15037633.2667044,4
2018-06-22,15106429.0767044,4
2018-06-25,15054739.856704399,4
2018-06-26,15081211.1267044,4
2018-06-27,14947543.836704401,4
2018-06-28,14772036.296704398,4
2018-06-29,14982255.4867044,4
2018-07-02,14971960.536704399,4
2018-07-03,15061344.3367044,4
2018-07-04,15130616.9467044,4
2018-07-05,15075560.0967044,4
2018-07-06,15112281.936704399,4
2018-07-09,15274486.496704398,4
2018-07-10,15363590.9067044,4
2018-07-11,15389131.2267044,4
2018-07-12,15403489.476704398,4
2018-07-13,15377038.8067044,4
2018-07-16,15255520.986704402,4
2018-07-17,15319340.9667044,4
2018-07-18,15283607.616704399,4
2018-07-19,15190592.2667044,4
2018-07-20,15269794.1467044,4
2018-07-23,15339152.286704399,4
2018-07-24,15441421.4267044,4
2018-07-25,15419211.9267044,4
2018-07-26,15418065.886704398,4
2018-07-27,15508794.2367044,4
2018-07-30,15532344.9467044,4
2018-07-31,15690581.4767044,4
2018-08-01,15728554.4267044,4
2018-08-02,15635940.996704401,4
2018-08-03,15775063.3267044,4
2018-08-06,15740534.9967044,4
2018-08-07,15748862.516704401,4
2018-08-08,15826660.006704401,4
2018-08-09,15843424.7467044,4
2018-08-10,15824012.196704399,4
2018-08-13,15772373.6267044,4
2018-08-14,15882022.2467044,4
2018-08-16,15858911.256704401,4
2018-08-17,15989641.9567044,4
2018-08-20,16050921.216704398,4
2018-08-21,16114047.0767044,4
2018-08-23,16194572.866704399,4
2018-08-24,16123442.946704399,4
2018-08-27,16311087.236704398,4
2018-08-28,16341470.4067044,4
2018-08-29,16267582.8167044,4
2018-08-30,16244217.326704402,4
2018-08-31,16347837.2167044,4
2018-09-03,16193580.8167044,4
2018-09-04,15981396.716704398,4
2018-09-05,15902972.1167044,4
2018-09-06,15963789.606704399,4
2018-09-07,16083012.2367044,4
2018-09-10,15844020.2467044,4
2018-09-11,15660772.376704399,4
2018-09-12,15756581.996704398,4
2018-09-14,15952386.6267044,4
2018-09-17,15851833.596704401,4
2018-09-18,15761556.9467044,4
2018-09-19,15673382.316704398,4
2018-09-21,15432611.7567044,4
2018-09-24,15138662.2967044,4
2018-09-25,15193056.5067044,4
2018-09-26,15113005.5167044,4
2018-09-27,14965696.9867044,4
2018-09-28,14753499.7067044,4
2018-10-01,14869059.4067044,4
2018-10-03,14651569.2467044,4
2018-10-04,14286787.6967044,4
2018-10-05,14039965.3767044,4
2018-10-08,13978779.206704399,4
2018-10-09,13887448.776704399,4
2018-10-10,14208720.1067044,4
2018-10-11,13951902.7267044,4
2018-10-12,14259735.6467044,4
2018-10-15,14300748.6167044,4
2018-10-16,14464245.926704397,4
2018-10-17,14252221.936704399,4
2018-10-19,14009360.2767044,4
2018-10-22,13881289.1567044,4
2018-10-23,13671230.956704397,4
2018-10-24,13754181.6567044,4
2018-10-25,13666465.9867044,4
2018-10-26,13605101.046704398,4
2018-10-29,13876798.626704399,4
2018-10-30,13902964.5967044,4
2018-10-31,14215069.8867044,4
2018-11-01,14203933.9267044,4
2018-11-02,14322179.9667044,4
2018-11-05,14286349.0467044,4
2018-11-06,14273010.416704398,4
2018-11-07,14390066.116704399,4
2018-11-09,14465701.356704399,4
2018-11-12,14368709.716704398,4
2018-11-13,14435575.0967044,4
2018-11-14,14412573.3467044,4
2018-11-15,14436474.7867044,4
2018-11-16,14481784.696704399,4
2018-11-19,14566587.2267044,4
2018-11-20,14427637.9867044,4
2018-11-21,14361109.266704397,4
2018-11-22,14269353.7267044,4
2018-11-26,14391332.276704399,4
2018-11-27,14458544.4367044,4
2018-11-28,14478092.0167044,4
2018-11-29,14560530.4267044,4
2018-11-30,14671678.4667044,4
2018-12-03,14751420.8567044,4
2018-12-04,14756389.236704402,4
2018-12-05,14657473.5867044,4
2018-12-06,14369472.106704399,4
2018-12-07,14479867.656704398,4
2018-12-10,14214208.9567044,4
2018-12-11,14374345.5867044,4
2018-12-12,14696044.8667044,4
2018-12-13,14811061.356704399,4
2018-12-14,14832226.3567044,4
2018-12-17,14864042.6367044,4
2018-12-18,14886408.296704398,4
2018-12-19,14990128.3667044,4
2018-12-20,14965288.0367044,4
2018-12-21,14701704.916704401,4
2018-12-24,14532669.5067044,4
2018-12-26,14521033.096704401,4
2018-12-27,14629444.696704399,4
2018-12-28,14707545.6667044,4
2018-12-31,14734866.7467044,4
2019-01-01,14731328.8267044,4
2019-01-02,14610812.146704398,4
2019-01-03,14499763.4067044,4
2019-01-04,14492437.0067044,4
2019-01-07,14535417.5767044,4
2019-01-08,14549529.276704399,4
2019-01-09,14595855.9567044,4
2019-01-10,14610711.2267044,4
2019-01-11,14586019.1267044,4
2019-01-14,14544650.936704399,4
2019-01-15,14747142.046704398,4
2019-01-16,14743232.4067044,4
2019-01-17,14748284.0467044,4
2019-01-18,14729730.5167044,4
2019-01-21,14737460.966704398,4
2019-01-22,14723653.2267044,4
2019-01-23,14673950.956704399,4
2019-01-24,14692700.006704401,4
2019-01-25,14588062.8067044,4
2019-01-28,14407576.226704398,4
2019-01-29,14427139.2867044,4
2019-01-30,14474610.4767044,4
2019-01-31,14644614.2667044,4
2019-02-01,14848257.4667044,4
2019-02-04,14799611.666704401,4
2019-02-05,14787817.1367044,4
2019-02-06,14944547.0667044,4
2019-02-07,15010536.5867044,4
2019-02-08,14840694.7467044,4
2019-02-11,14739012.576704402,4
2019-02-12,14664765.556704398,4
2019-02-13,14589702.646704398,4
2019-02-14,14575538.6467044,4
2019-02-15,14458512.9567044,4
2019-02-18,14341338.1667044,4
2019-02-19,14241365.656704398,4
2019-02-20,14391190.996704401,4
2019-02-21,14465066.0567044,4
2019-02-22,14515508.946704399,4
2019-02-25,14637069.4167044,4
2019-02-26,14619870.056704402,4
2019-02-27,14605987.3967044,4
2019-02-28,14602343.2567044,4
2019-03-01,14699631.366704399,4
2019-03-05,14831354.8867044,4
2019-03-06,14886334.136704398,4
2019-03-07,14840567.2067044,4
2019-03-08,14809807.8367044,4
2019-03-11,15002874.216704398,4
2019-03-12,15098487.0167044,4
2019-03-13,15090553.2667044,4
2019-03-14,15073135.166704401,4
2019-03-15,15109063.1067044,4
2019-03-18,15111067.456704399,4
2019-03-19,15174513.1467044,4
2019-03-20,15156007.3167044,4
2019-03-22,15109936.9967044,4
2019-03-25,15003658.5067044,4
2019-03-26,15140281.7667044,4
2019-03-27,15127950.6167044,4
2019-03-28,15264187.956704399,4
2019-03-29,15347213.9967044,4
2019-04-01,15401469.086704401,4
2019-04-02,15424700.1567044,4
2019-04-03,15376012.446704399,4
2019-04-04,15334778.3067044,4
2019-04-05,15394500.6667044,4
2019-04-08,15349642.616704399,4
2019-04-09,15412855.846704401,4
2019-04-10,15350957.1567044,4
2019-04-11,15362322.396704398,4
2019-04-12,15420807.5567044,4
2019-04-15,15506867.546704398,4
2019-04-16,15573895.966704398,4
2019-04-18,15509166.8467044,4
2019-04-22,15352456.8367044,4
2019-04-23,15338939.906704398,4
2019-04-24,15475820.0467044,4
2019-04-25,15402094.166704401,4
2019-04-26,15471985.756704397,4
2019-04-30,15431174.206704399,4
2019-05-02,15321753.5167044,4
2019-05-03,15213813.226704398,4
2019-05-06,15088309.866704399,4
2019-05-07,15035460.9867044,4
2019-05-08,14884378.3667044,4
2019-05-09,14872559.4767044,4
2019-05-10,14789992.0167044,4
2019-05-13,14626741.8467044,4
2019-05-14,14613762.1667044,4
2019-05-15,14570301.9067044,4
2019-05-16,14662308.4567044,4
2019-05-17,14819189.366704399,4
2019-05-20,15167826.656704402,4
2019-05-21,15065735.066704398,4
2019-05-22,15063474.3167044,4
2019-05-23,14984547.366704399,4
2019-05-24,15161999.7867044,4
2019-05-27,15196986.0467044,4
2019-05-28,15246452.506704401,4
2019-05-29,15218465.476704398,4
2019-05-30,15293343.686704399,4
2019-05-31,15344423.996704401,4
2019-06-03,15560639.116704399,4
2019-06-04,15448892.0767044,4
2019-06-06,15291607.8267044,4
2019-06-07,15274769.3267044,4
2019-06-10,15386081.7467044,4
2019-06-11,15419772.0467044,4
2019-06-12,15326595.0867044,4
2019-06-13,15305674.6067044,4
2019-06-14,15169820.7767044,4
2019-06-17,15027655.626704399,4
2019-06-18,15043724.1167044,4
2019-06-19,14984116.5067044,4
2019-06-20,15110450.026704399,4
2019-06-21,14998013.0367044,4
2019-06-24,14960773.166704398,4
2019-06-25,15032990.5767044,4
2019-06-26,15055433.2867044,4
2019-06-27,15041318.3367044,4
2019-06-28,15005892.8367044,4
2019-07-01,15044529.5767044,4
2019-07-02,15125195.5667044,4
2019-07-03,15120050.876704399,4
2019-07-04,15164444.7967044,4
2019-07-05,14969986.916704401,4
2019-07-08,14644743.7367044,4
2019-07-09,14616967.0467044,4
2019-07-10,14503368.2767044,4
2019-07-11,14568117.9767044,4
2019-07-12,14557677.646704398,4
2019-07-15,14592896.486704398,4
2019-07-16,14692533.146704398,4
2019-07-17,14739573.866704399,4
2019-07-18,14613792.7367044,4
2019-07-19,14375285.2667044,4
2019-07-22,14296281.286704399,4
2019-07-23,14309812.3667044,4
2019-07-24,14186135.516704401,4
2019-07-25,14196711.0767044,4
2019-07-26,14280823.7667044,4
2019-07-29,14172670.8067044,4
2019-07-30,14043111.866704399,4
2019-07-31,14120640.646704398,4
2019-08-01,13979935.116704399,4
2019-08-02,13998408.5467044,4
2019-08-05,13873414.536704399,4
2019-08-06,14023726.5667044,4
2019-08-07,13976447.236704402,4
2019-08-08,14180639.5167044,4
2019-08-09,14274031.9567044,4
2019-08-13,14001087.336704398,4
2019-08-14,14099139.6167044,4
2019-08-16,14140052.5567044,4
2019-08-19,14145952.4567044,4
2019-08-20,14126098.7567044,4
2019-08-21,14005217.356704399,4
2019-08-22,13854457.6467044,4
2019-08-23,13957850.406704398,4
2019-08-26,14165635.9867044,4
2019-08-27,14229017.8267044,4
2019-08-28,14176031.106704399,4
2019-08-29,14125063.9867044,4
2019-08-30,14252594.4767044,4
2019-09-03,14030746.5667044,4
2019-09-04,14040866.946704399,4
2019-09-05,14090349.696704399,4
2019-09-06,14187895.2367044,4
2019-09-09,14271466.6567044,4
2019-09-11,14279562.2367044,4
2019-09-12,14209677.216704398,4
2019-09-13,14312476.4767044,4
2019-09-16,14296521.4567044,4
2019-09-17,14114746.6067044,4
2019-09-18,14152077.596704401,4
2019-09-19,14001387.186704399,4
2019-09-20,14677901.6767044,4
2019-09-23,15019560.0267044,4
2019-09-24,15040568.5267044,4
2019-09-25,14863984.686704399,4
2019-09-26,14984315.6267044,4
2019-09-27,14953864.856704399,4
2019-09-30,14914942.5167044,4
2019-10-01,14741774.276704399,4
2019-10-03,14688697.136704398,4
2019-10-04,14545676.3967044,4
2019-10-07,14511476.4067044,4
2019-10-09,14656570.1467044,4
2019-10-10,14587769.8467044,4
2019-10-11,14694931.7967044,4
2019-10-14,14720221.9467044,4
2019-10-15,14804870.196704399,4
2019-10-16,14820083.7267044,4
2019-10-17,14996953.4267044,4
2019-10-18,15115330.0467044,4
2019-10-22,15026270.1167044,4
2019-10-23,15076351.1167044,4
2019-10-24,15114342.4067044,4
2019-10-25,15082287.3867044,4
2019-10-27,15135484.436704399,4
2019-10-29,15309947.686704399,4
2019-10-30,15375857.046704398,4
2019-10-31,15473735.126704399,4
2019-11-01,15449517.396704402,4
2019-11-04,15465279.5367044,4
2019-11-05,15438076.0967044,4
2019-11-06,15444354.7967044,4
2019-11-07,15515020.5367044,4
2019-11-08,15368691.046704398,4
2019-11-11,15350069.456704399,4
2019-11-13,15261682.3067044,4
2019-11-14,15295022.856704399,4
2019-11-15,15282393.9167044,4
2019-11-18,15251029.716704398,4
2019-11-19,15261058.8667044,4
2019-11-20,15304719.8467044,4
2019-11-21,15232497.196704399,4
2019-11-22,15125596.3767044,4
2019-11-25,15293569.5067044,4
2019-11-26,15197319.9567044,4
2019-11-27,15310155.466704398,4
2019-11-28,15372050.2367044,4
2019-11-29,15264523.1567044,4
2019-12-02,15214297.6067044,4
2019-12-03,15181336.8967044,4
2019-12-04,15232869.446704399,4
2019-12-05,15229186.846704401,4
2019-12-06,15115486.2167044,4
2019-12-09,15104024.9867044,4
2019-12-10,14993861.336704401,4
2019-12-11,15067785.5367044,4
2019-12-12,15113243.336704401,4
2019-12-13,15236008.3367044,4
2019-12-16,15193724.5567044,4
2019-12-17,15298596.7167044,4
2019-12-18,15343493.536704399,4
2019-12-19,15387688.0867044,4
2019-12-20,15415516.006704401,4
2019-12-23,15413281.426704401,4
2019-12-24,15372243.8067044,4
2019-12-26,15330771.2967044,4
2019-12-27,15429695.4267044,4
2019-12-30,15461912.036704399,4
2019-12-31,15380020.0467044,4
