Date,Drawdown
2010-06-01,0.0
2010-06-02,0.0
2010-06-03,0.0
2010-06-04,0.0
2010-06-07,0.0
2010-06-08,0.0
2010-06-09,0.0
2010-06-10,0.0
2010-06-11,0.0
2010-06-14,0.0
2010-06-15,0.0
2010-06-16,0.0
2010-06-17,0.0
2010-06-18,0.0
2010-06-21,0.0
2010-06-22,0.0
2010-06-23,0.0
2010-06-24,0.0
2010-06-25,0.0
2010-06-28,0.0
2010-06-29,0.0
2010-06-30,0.0
2010-07-01,0.0
2010-07-02,0.0
2010-07-05,0.0
2010-07-06,0.0
2010-07-07,0.0
2010-07-08,0.0
2010-07-09,0.0
2010-07-12,0.0
2010-07-13,0.0
2010-07-14,0.0
2010-07-15,0.0
2010-07-16,0.0
2010-07-19,0.0
2010-07-20,0.0
2010-07-21,0.0
2010-07-22,0.0
2010-07-23,0.0
2010-07-26,-0.005502787505600071
2010-07-27,-0.0026727075056000027
2010-07-28,-0.0023366355056000376
2010-07-29,0.0
2010-07-30,-0.003973185026366122
2010-08-02,0.0
2010-08-03,0.0
2010-08-04,0.0
2010-08-05,-0.004660202222456888
2010-08-06,-0.00469524133691146
2010-08-09,0.0
2010-08-10,-0.003529462464943345
2010-08-11,-0.005900911212049831
2010-08-12,-0.006195519235982938
2010-08-13,0.0
2010-08-16,-0.0017907535999833746
2010-08-17,0.0
2010-08-18,0.0
2010-08-19,0.0
2010-08-20,-0.0005247675921137285
2010-08-23,0.0
2010-08-24,-0.001555093403954766
2010-08-25,-0.011325506889021342
2010-08-26,-0.008760170324833116
2010-08-27,-0.015806332591292604
2010-08-30,-0.018939221492690672
2010-08-31,-0.01492095094524537
2010-09-01,-0.002956947676862831
2010-09-02,-0.0008030865571518886
2010-09-03,0.0
2010-09-06,0.0
2010-09-07,0.0
2010-09-08,0.0
2010-09-09,0.0
2010-09-13,0.0
2010-09-14,0.0
2010-09-15,0.0
2010-09-16,-0.008155905696984544
2010-09-17,0.0
2010-09-20,0.0
2010-09-21,0.0
2010-09-22,-0.002168405206423696
2010-09-23,0.0
2010-09-24,0.0
2010-09-27,-0.0028242922535328674
2010-09-28,-0.003914649903201894
2010-09-29,-0.010236064862380045
2010-09-30,-0.007225613985732959
2010-10-01,0.0
2010-10-04,0.0
2010-10-05,-0.0003443033745038626
2010-10-06,0.0
2010-10-07,-0.007411445342701883
2010-10-08,-0.008221582174943731
2010-10-11,-0.004176124702975126
2010-10-12,-0.01001433658435591
2010-10-13,0.0
2010-10-14,-0.00931449926877892
2010-10-15,-0.024937984829484727
2010-10-18,-0.0223003880963506
2010-10-19,-0.02760667307617226
2010-10-20,-0.030612186053024515
2010-10-21,-0.015517256222730813
2010-10-22,-0.017540795563180334
2010-10-25,-0.012027233826334305
2010-10-26,-0.017968303874543068
2010-10-27,-0.027832086549436363
2010-10-28,-0.030498183836661252
2010-10-29,-0.030832417607362883
2010-11-01,-0.021463508189864866
2010-11-02,-0.01924823784916796
2010-11-03,-0.01351703551744643
2010-11-04,0.0
2010-11-05,0.0
2010-11-08,-0.007812572297129838
2010-11-09,-0.003166771554476644
2010-11-10,-0.006114523107219272
2010-11-11,-0.01889240767894329
2010-11-12,-0.03248968472774094
2010-11-15,-0.026676636211142912
2010-11-16,-0.044187929526213865
2010-11-18,-0.04319847445955871
2010-11-19,-0.056981274333354315
2010-11-22,-0.044195659643922136
2010-11-23,-0.053533641835478374
2010-11-24,-0.06617753770025958
2010-11-25,-0.07495122129911402
2010-11-26,-0.08025923545877345
2010-11-29,-0.06883154478008913
2010-11-30,-0.06440734074507204
2010-12-01,-0.05112957522821515
2010-12-02,-0.047254209550483206
2010-12-03,-0.049568091451150376
2010-12-06,-0.049890179688993785
2010-12-07,-0.049931406983437565
2010-12-08,-0.058496377404169686
2010-12-09,-0.07675749213693994
2010-12-10,-0.06555912828360011
2010-12-13,-0.05479107431601904
2010-12-14,-0.049990671219200755
2010-12-15,-0.05729820915939232
2010-12-16,-0.05165779993827824
2010-12-20,-0.04908109403553085
2010-12-21,-0.046525001780005626
2010-12-22,-0.051168225816756396
2010-12-23,-0.05086675122613493
2010-12-24,-0.04614622601230178
2010-12-27,-0.04621064365987049
2010-12-28,-0.044350261998087004
2010-12-29,-0.03727720429504544
2010-12-30,-0.03144096542532282
2010-12-31,-0.027841307279184768
2011-01-03,-0.02608399385351101
2011-01-04,-0.024192691720894666
2011-01-05,-0.03068856730172065
2011-01-06,-0.03692161888046652
2011-01-07,-0.05484260843407396
2011-01-10,-0.07654104884110913
2011-01-11,-0.07817983379525661
2011-01-12,-0.0673319019446903
2011-01-13,-0.07962536580669777
2011-01-14,-0.09170238637287442
2011-01-17,-0.08986519506421553
2011-01-18,-0.0816351964108405
2011-01-19,-0.0902259338906003
2011-01-20,-0.08736063692674534
2011-01-21,-0.0913571077819062
2011-01-24,-0.08356514913199842
2011-01-25,-0.08882678258540833
2011-01-27,-0.10262504269462025
2011-01-28,-0.11784306775624598
2011-01-31,-0.11573274562189584
2011-02-01,-0.12717847324189946
2011-02-02,-0.12873995701896435
2011-02-03,-0.11958234424060044
2011-02-04,-0.13659375661053808
2011-02-07,-0.13978114181223655
2011-02-08,-0.15186073908431597
2011-02-09,-0.16238915940294163
2011-02-10,-0.1670323834396924
2011-02-11,-0.15371081392248875
2011-02-14,-0.13241691634218467
2011-02-15,-0.12952069890749696
2011-02-16,-0.13136304362796114
2011-02-17,-0.12394213062804882
2011-02-18,-0.13317446787759246
2011-02-21,-0.12555514852316874
2011-02-22,-0.13359962435154593
2011-02-23,-0.13852628603759864
2011-02-24,-0.15856790454916736
2011-02-25,-0.1573207788922376
2011-02-28,-0.1545868939294226
2011-03-01,-0.13027825044290453
2011-03-03,-0.12559122240580722
2011-03-04,-0.12496765957734235
2011-03-07,-0.13516368483451346
2011-03-08,-0.12906977537451614
2011-03-09,-0.12889971278493462
2011-03-10,-0.13181912057274758
2011-03-11,-0.13734615473414036
2011-03-14,-0.12674558665023794
2011-03-15,-0.13877107309835968
2011-03-16,-0.13232415492968597
2011-03-17,-0.1384592916841273
2011-03-18,-0.14788230517047418
2011-03-21,-0.1499462465985748
2011-03-22,-0.14332153572261142
2011-03-23,-0.13524613942340136
2011-03-24,-0.1302395998543634
2011-03-25,-0.11147495349953696
2011-03-28,-0.11147495349953696
2011-03-29,-0.11147495349953696
2011-03-30,-0.11147495349953696
2011-03-31,-0.11147495349953696
2011-04-01,-0.11147495349953696
2011-04-04,-0.11147495349953696
2011-04-05,-0.11147495349953696
2011-04-06,-0.11147495349953696
2011-04-07,-0.11147495349953696
2011-04-08,-0.11147495349953696
2011-04-11,-0.11147495349953696
2011-04-13,-0.11147495349953696
2011-04-15,-0.11147495349953696
2011-04-18,-0.11147495349953696
2011-04-19,-0.11147495349953696
2011-04-20,-0.11147495349953696
2011-04-21,-0.11147495349953696
2011-04-25,-0.11147495349953696
2011-04-26,-0.11147495349953696
2011-04-27,-0.11147495349953696
2011-04-28,-0.11147495349953696
2011-04-29,-0.10035729670300264
2011-05-02,-0.11384804601705989
2011-05-03,-0.13332686231330315
2011-05-04,-0.14014603756833
2011-05-05,-0.15353005986374357
2011-05-06,-0.1302408619231662
2011-05-09,-0.12901463660258206
2011-05-10,-0.1292167367017154
2011-05-11,-0.12233852096829023
2011-05-12,-0.13306118016050994
2011-05-13,-0.12539727190685857
2011-05-16,-0.13393089182307238
2011-05-17,-0.13906514265611103
2011-05-18,-0.14378383935272976
2011-05-19,-0.14486473426494828
2011-05-20,-0.1337469580249847
2011-05-23,-0.14600012808030405
2011-05-24,-0.13782529260974252
2011-05-25,-0.14188319010582418
2011-05-26,-0.13539554984488145
2011-05-27,-0.12823121486998645
2011-05-30,-0.12392580152215737
2011-05-31,-0.11036008996598201
2011-06-01,-0.11036008996598201
2011-06-02,-0.11036008996598201
2011-06-03,-0.11036008996598201
2011-06-06,-0.11036008996598201
2011-06-07,-0.11036008996598201
2011-06-08,-0.11036008996598201
2011-06-09,-0.11036008996598201
2011-06-10,-0.11036008996598201
2011-06-13,-0.11036008996598201
2011-06-14,-0.11036008996598201
2011-06-15,-0.11036008996598201
2011-06-16,-0.11036008996598201
2011-06-17,-0.11036008996598201
2011-06-20,-0.11036008996598201
2011-06-21,-0.11036008996598201
2011-06-22,-0.11036008996598201
2011-06-23,-0.11036008996598201
2011-06-24,-0.11036008996598201
2011-06-27,-0.11036008996598201
2011-06-28,-0.11036008996598201
2011-06-29,-0.11036008996598201
2011-06-30,-0.11036008996598201
2011-07-01,-0.11036008996598201
2011-07-04,-0.11036008996598201
2011-07-05,-0.11036008996598201
2011-07-06,-0.11036008996598201
2011-07-07,-0.11036008996598201
2011-07-08,-0.11036008996598201
2011-07-11,-0.11036008996598201
2011-07-12,-0.11036008996598201
2011-07-13,-0.11036008996598201
2011-07-14,-0.11036008996598201
2011-07-15,-0.11036008996598201
2011-07-18,-0.11036008996598201
2011-07-19,-0.11036008996598201
2011-07-20,-0.11036008996598201
2011-07-21,-0.11036008996598201
2011-07-22,-0.11036008996598201
2011-07-25,-0.11036008996598201
2011-07-26,-0.11036008996598201
2011-07-27,-0.11036008996598201
2011-07-28,-0.11036008996598201
2011-07-29,-0.11036008996598201
2011-08-01,-0.11036008996598201
2011-08-02,-0.11036008996598201
2011-08-03,-0.11036008996598201
2011-08-04,-0.11036008996598201
2011-08-05,-0.11036008996598201
2011-08-08,-0.11036008996598201
2011-08-09,-0.11036008996598201
2011-08-10,-0.11036008996598201
2011-08-11,-0.11036008996598201
2011-08-12,-0.11036008996598201
2011-08-16,-0.11036008996598201
2011-08-17,-0.11036008996598201
2011-08-18,-0.11036008996598201
2011-08-19,-0.11036008996598201
2011-08-22,-0.11036008996598201
2011-08-23,-0.11036008996598201
2011-08-24,-0.11036008996598201
2011-08-25,-0.11036008996598201
2011-08-26,-0.11036008996598201
2011-08-29,-0.11036008996598201
2011-08-30,-0.11036008996598201
2011-09-02,-0.11036008996598201
2011-09-05,-0.11036008996598201
2011-09-06,-0.11036008996598201
2011-09-07,-0.11036008996598201
2011-09-08,-0.11036008996598201
2011-09-09,-0.11036008996598201
2011-09-12,-0.11036008996598201
2011-09-13,-0.11036008996598201
2011-09-14,-0.11036008996598201
2011-09-15,-0.11036008996598201
2011-09-16,-0.11036008996598201
2011-09-19,-0.11036008996598201
2011-09-20,-0.11036008996598201
2011-09-21,-0.11036008996598201
2011-09-22,-0.11036008996598201
2011-09-23,-0.11036008996598201
2011-09-26,-0.11036008996598201
2011-09-27,-0.11036008996598201
2011-09-28,-0.11036008996598201
2011-09-29,-0.11036008996598201
2011-09-30,-0.11036008996598201
2011-10-03,-0.11036008996598201
2011-10-04,-0.11036008996598201
2011-10-05,-0.11036008996598201
2011-10-07,-0.11036008996598201
2011-10-10,-0.11036008996598201
2011-10-11,-0.11036008996598201
2011-10-12,-0.11036008996598201
2011-10-13,-0.11036008996598201
2011-10-14,-0.11036008996598201
2011-10-17,-0.11036008996598201
2011-10-18,-0.11036008996598201
2011-10-19,-0.11036008996598201
2011-10-20,-0.11036008996598201
2011-10-21,-0.11036008996598201
2011-10-24,-0.11036008996598201
2011-10-25,-0.11036008996598201
2011-10-26,-0.11036008996598201
2011-10-28,-0.11036008996598201
2011-10-31,-0.11036008996598201
2011-11-01,-0.11036008996598201
2011-11-02,-0.11036008996598201
2011-11-03,-0.11036008996598201
2011-11-04,-0.11036008996598201
2011-11-08,-0.11036008996598201
2011-11-09,-0.11036008996598201
2011-11-11,-0.11036008996598201
2011-11-14,-0.11036008996598201
2011-11-15,-0.11036008996598201
2011-11-16,-0.11036008996598201
2011-11-17,-0.11036008996598201
2011-11-18,-0.11036008996598201
2011-11-21,-0.11036008996598201
2011-11-22,-0.11036008996598201
2011-11-23,-0.11036008996598201
2011-11-24,-0.11036008996598201
2011-11-25,-0.11036008996598201
2011-11-28,-0.11036008996598201
2011-11-29,-0.11036008996598201
2011-11-30,-0.11036008996598201
2011-12-01,-0.11036008996598201
2011-12-02,-0.11036008996598201
2011-12-05,-0.11036008996598201
2011-12-07,-0.11036008996598201
2011-12-08,-0.11036008996598201
2011-12-09,-0.11036008996598201
2011-12-12,-0.11036008996598201
2011-12-13,-0.11036008996598201
2011-12-14,-0.11036008996598201
2011-12-15,-0.11036008996598201
2011-12-16,-0.11036008996598201
2011-12-19,-0.11036008996598201
2011-12-20,-0.11036008996598201
2011-12-21,-0.11036008996598201
2011-12-22,-0.11036008996598201
2011-12-23,-0.11036008996598201
2011-12-26,-0.11036008996598201
2011-12-27,-0.11036008996598201
2011-12-28,-0.11036008996598201
2011-12-29,-0.11036008996598201
2011-12-30,-0.11036008996598201
2012-01-02,-0.11036008996598201
2012-01-03,-0.11036008996598201
2012-01-04,-0.11036008996598201
2012-01-05,-0.11036008996598201
2012-01-06,-0.11036008996598201
2012-01-07,-0.11036008996598201
2012-01-09,-0.11036008996598201
2012-01-10,-0.11036008996598201
2012-01-11,-0.11036008996598201
2012-01-12,-0.11036008996598201
2012-01-13,-0.11036008996598201
2012-01-16,-0.11036008996598201
2012-01-17,-0.11036008996598201
2012-01-18,-0.11036008996598201
2012-01-19,-0.11036008996598201
2012-01-20,-0.11036008996598201
2012-01-23,-0.11036008996598201
2012-01-24,-0.11036008996598201
2012-01-25,-0.11036008996598201
2012-01-27,-0.11036008996598201
2012-01-30,-0.11036008996598201
2012-01-31,-0.11036008996598201
2012-02-01,-0.11036008996598201
2012-02-02,-0.11036008996598201
2012-02-03,-0.11036008996598201
2012-02-06,-0.11036008996598201
2012-02-07,-0.11036008996598201
2012-02-08,-0.11036008996598201
2012-02-09,-0.11036008996598201
2012-02-10,-0.11036008996598201
2012-02-13,-0.11036008996598201
2012-02-14,-0.11036008996598201
2012-02-15,-0.11036008996598201
2012-02-16,-0.11036008996598201
2012-02-17,-0.11036008996598201
2012-02-21,-0.11036008996598201
2012-02-22,-0.11036008996598201
2012-02-23,-0.11036008996598201
2012-02-24,-0.11036008996598201
2012-02-27,-0.11036008996598201
2012-02-28,-0.11036008996598201
2012-02-29,-0.11036008996598201
2012-03-01,-0.11036008996598201
2012-03-02,-0.11036008996598201
2012-03-03,-0.11036008996598201
2012-03-05,-0.11036008996598201
2012-03-06,-0.11036008996598201
2012-03-07,-0.11036008996598201
2012-03-09,-0.11036008996598201
2012-03-12,-0.11036008996598201
2012-03-13,-0.11036008996598201
2012-03-14,-0.11036008996598201
2012-03-15,-0.11036008996598201
2012-03-16,-0.11036008996598201
2012-03-19,-0.11036008996598201
2012-03-20,-0.11036008996598201
2012-03-21,-0.11036008996598201
2012-03-22,-0.11036008996598201
2012-03-23,-0.11036008996598201
2012-03-26,-0.11036008996598201
2012-03-27,-0.11036008996598201
2012-03-28,-0.11036008996598201
2012-03-29,-0.11036008996598201
2012-03-30,-0.11036008996598201
2012-04-02,-0.11036008996598201
2012-04-03,-0.11036008996598201
2012-04-04,-0.11036008996598201
2012-04-09,-0.11036008996598201
2012-04-10,-0.11036008996598201
2012-04-11,-0.11036008996598201
2012-04-12,-0.11036008996598201
2012-04-13,-0.11036008996598201
2012-04-16,-0.11036008996598201
2012-04-17,-0.11036008996598201
2012-04-18,-0.11036008996598201
2012-04-19,-0.11036008996598201
2012-04-20,-0.11036008996598201
2012-04-23,-0.11036008996598201
2012-04-24,-0.11036008996598201
2012-04-25,-0.11036008996598201
2012-04-26,-0.11036008996598201
2012-04-27,-0.11036008996598201
2012-04-28,-0.11036008996598201
2012-04-30,-0.11036008996598201
2012-05-02,-0.11036008996598201
2012-05-03,-0.11036008996598201
2012-05-04,-0.12341403860428501
2012-05-07,-0.11273753985715873
2012-05-08,-0.12359743573431825
2012-05-09,-0.1291898874590034
2012-05-10,-0.12494389567633457
2012-05-11,-0.12990490411786726
2012-05-14,-0.13738472124403378
2012-05-15,-0.1349819866923322
2012-05-16,-0.1420207221133558
2012-05-17,-0.14143570848337617
2012-05-18,-0.14712566247972458
2012-05-21,-0.14402416164776966
2012-05-22,-0.14872748551419235
2012-05-23,-0.1500414446989875
2012-05-24,-0.14144731589666926
2012-05-25,-0.13974799059053844
2012-05-28,-0.12533390476298756
2012-05-29,-0.12985615298203568
2012-05-30,-0.13897725834786712
2012-05-31,-0.14201143618272116
2012-06-01,-0.15414582603947868
2012-06-04,-0.16142135269168423
2012-06-05,-0.1632205017521371
2012-06-06,-0.1439916608905486
2012-06-07,-0.1428425269745175
2012-06-08,-0.1381693823826572
2012-06-11,-0.14010549891997048
2012-06-12,-0.12959382544160825
2012-06-13,-0.12809646912677974
2012-06-14,-0.13781419553588392
2012-06-15,-0.12519229432080992
2012-06-18,-0.1320174533372377
2012-06-19,-0.12758806442453563
2012-06-20,-0.1186341058101269
2012-06-21,-0.11588547034228669
2012-06-22,-0.11846463757604542
2012-06-25,-0.11972984562500921
2012-06-26,-0.11760568899234547
2012-06-27,-0.116219763845132
2012-06-28,-0.11233360187455388
2012-06-29,-0.09882025131855876
2012-07-02,-0.0927379667528988
2012-07-03,-0.08989647197871242
2012-07-04,-0.09065559680809077
2012-07-05,-0.08554137051108723
2012-07-06,-0.09151454539179071
2012-07-09,-0.09958401911325432
2012-07-10,-0.09298404391471549
2012-07-11,-0.09564678452418585
2012-07-12,-0.10230943975450801
2012-07-13,-0.10358393373410624
2012-07-16,-0.10586595118755804
2012-07-17,-0.1073656289850452
2012-07-18,-0.10228854641058027
2012-07-19,-0.10016903274323374
2012-07-20,-0.10089797829804947
2012-07-23,-0.1102721252736737
2012-07-24,-0.10341910846534219
2012-07-25,-0.10363500635259648
2012-07-26,-0.11022801710315933
2012-07-27,-0.10704062141283432
2012-07-30,-0.09783826415395025
2012-07-31,-0.09555160373518112
2012-08-01,-0.08887501960890687
2012-08-02,-0.08374918589861036
2012-08-03,-0.08391865413269162
2012-08-06,-0.07865353146287613
2012-08-07,-0.07538024091418105
2012-08-08,-0.07173783462276107
2012-08-09,-0.069734395088347
2012-08-10,-0.06606413100502317
2012-08-13,-0.059615052179296524
2012-08-14,-0.05448689698634124
2012-08-16,-0.055531564182733195
2012-08-17,-0.0518055845156018
2012-08-21,-0.044762206129261184
2012-08-22,-0.04530775455404357
2012-08-23,-0.04324859943582193
2012-08-24,-0.045765086637797436
2012-08-27,-0.048511400622979095
2012-08-28,-0.05667605513344709
2012-08-29,-0.06309727616726979
2012-08-30,-0.057456073306753175
2012-08-31,-0.06214546827722378
2012-09-03,-0.05962665959258984
2012-09-04,-0.057249461350133424
2012-09-05,-0.05646944317682734
2012-09-06,-0.04900587642927123
2012-09-07,-0.03405088514225518
2012-09-08,-0.029607567333601037
2012-09-10,-0.0266569628744584
2012-09-11,-0.02327920560612451
2012-09-12,-0.01692530756940236
2012-09-13,-0.0178399717369101
2012-09-14,-0.007360799015769026
2012-09-17,-0.011226067642419513
2012-09-18,-0.010940525275405566
2012-09-20,-0.013505763613212651
2012-09-21,-0.004779310299351414
2012-09-24,-0.008303320975180606
2012-09-25,-0.004126973672271328
2012-09-26,0.0
2012-09-27,0.0
2012-09-28,0.0
2012-10-01,0.0
2012-10-03,0.0
2012-10-04,-0.007286555698356789
2012-10-05,-0.018349013921343804
2012-10-08,-0.021322481434836393
2012-10-09,-0.0111783655023735
2012-10-10,-0.01703391209753502
2012-10-11,-0.014171893891144594
2012-10-12,-0.00517347683569469
2012-10-15,-0.0002942261707505889
2012-10-16,-0.005521198673854366
2012-10-17,-0.001700716426383031
2012-10-18,0.0
2012-10-19,-0.0042482934294687524
2012-10-22,0.0
2012-10-23,0.0
2012-10-25,0.0
2012-10-26,-0.012744703207841601
2012-10-29,-0.017119057069283183
2012-10-30,-0.01975428997215456
2012-10-31,-0.009140341831873844
2012-11-01,-0.004310187820985134
2012-11-02,-0.0007257400437796768
2012-11-05,-0.0013718256925107086
2012-11-06,0.0
2012-11-07,0.0
2012-11-08,0.0
2012-11-09,-0.004601375364541416
2012-11-12,0.0
2012-11-13,0.0
2012-11-15,-0.00017677723750442187
2012-11-16,-0.011194471811118545
2012-11-19,-0.020795818638462915
2012-11-20,-0.02500652464504216
2012-11-21,-0.019023786570949497
2012-11-22,-0.009264831122215655
2012-11-23,-0.006800599028329746
2012-11-26,0.0
2012-11-27,0.0
2012-11-29,0.0
2012-11-30,0.0
2012-12-03,0.0
2012-12-04,0.0
2012-12-05,-0.0012319869151599105
2012-12-06,-0.005250855750255856
2012-12-07,-0.009450717654690743
2012-12-10,-0.00694149555703627
2012-12-11,-0.009189511747803691
2012-12-12,-0.009051710206374963
2012-12-13,-0.02115767845784633
2012-12-14,-0.015392637851513569
2012-12-17,-0.015530439392942186
2012-12-18,-0.0047880893797866975
2012-12-19,0.0
2012-12-20,0.0
2012-12-21,-0.014319692873906886
2012-12-24,-0.008760138154522257
2012-12-26,-0.004832614783700895
2012-12-27,-0.012239211255161142
2012-12-28,-0.010056343729980988
2012-12-31,-0.00544897794043564
2013-01-01,0.0
2013-01-02,0.0
2013-01-03,-0.0005567230849728988
2013-01-04,-0.00015702445986409685
2013-01-07,-0.004072439562970542
2013-01-08,-0.0005689587571702237
2013-01-09,-0.004221306908036682
2013-01-10,-0.008495635062261364
2013-01-11,-0.022605404384341554
2013-01-14,-0.021155477228972375
2013-01-15,-0.014523742898085668
2013-01-16,-0.017855924293125325
2013-01-17,-0.019369069088180035
2013-01-18,-0.01964845027001627
2013-01-21,-0.01697495589492637
2013-01-22,-0.025056617381182256
2013-01-23,-0.030307760032484032
2013-01-24,-0.03830988964945792
2013-01-25,-0.027587362247304736
2013-01-28,-0.026500426700452717
2013-01-29,-0.028566216023081403
2013-01-30,-0.02542368754709856
2013-01-31,-0.01976264987719034
2013-02-01,-0.018198523114647203
2013-02-04,-0.021526625952287715
2013-02-05,-0.023400723077160124
2013-02-06,-0.02065585394758651
2013-02-07,-0.029932532751769547
2013-02-08,-0.03820384715708225
2013-02-11,-0.03600958327638282
2013-02-12,-0.03043011675445595
2013-02-13,-0.035424310289616345
2013-02-14,-0.040059590773658504
2013-02-15,-0.04088142008957096
2013-02-18,-0.038379225125242056
2013-02-19,-0.024283730754058652
2013-02-20,-0.021918167462598337
2013-02-21,-0.0307217336084894
2013-02-22,-0.029594012487646926
2013-02-25,-0.033866301363171925
2013-02-26,-0.044984448833034874
2013-02-27,-0.04187658809494399
2013-02-28,-0.05459149078654246
2013-03-01,-0.04752946865005403
2013-03-04,-0.061351699675499916
2013-03-05,-0.0472827159274104
2013-03-06,-0.04443180430546101
2013-03-07,-0.03794893731964033
2013-03-08,-0.026647254766819395
2013-03-11,-0.024579426165491136
2013-03-12,-0.02500767469239351
2013-03-13,-0.03561600248737251
2013-03-14,-0.03526116799365364
2013-03-15,-0.0380223513528235
2013-03-18,-0.03808964754990818
2013-03-19,-0.04685038884310899
2013-03-20,-0.0523421663809559
2013-03-21,-0.05866393034951334
2013-03-22,-0.06240600676315933
2013-03-25,-0.06492859451448352
2013-03-26,-0.06262624886270907
2013-03-28,-0.054848439902683954
2013-04-01,-0.05262358684149171
2013-04-02,-0.04896512085452642
2013-04-03,-0.052142317068401334
2013-04-04,-0.07249635776845675
2013-04-05,-0.0753839764069979
2013-04-08,-0.07215987678303348
2013-04-09,-0.08419773894638671
2013-04-10,-0.07695218172693996
2013-04-11,-0.06711266200168531
2013-04-12,-0.07047951113461703
2013-04-15,-0.07260036098213296
2013-04-16,-0.06670480626177833
2013-04-17,-0.06094180465689358
2013-04-18,-0.0585415736275412
2013-04-22,-0.049950092466401586
2013-04-23,-0.049091556133897485
2013-04-25,-0.043375457939101913
2013-04-26,-0.04866330760699544
2013-04-29,-0.03926019352344101
2013-04-30,-0.026928675227355092
2013-05-02,-0.012757727544288722
2013-05-03,-0.016136812349417773
2013-05-06,-0.006433924297031823
2013-05-07,0.0
2013-05-08,0.0
2013-05-09,0.0
2013-05-10,0.0
2013-05-11,0.0
2013-05-13,-0.010648337092449167
2013-05-14,-0.007818499571818793
2013-05-15,0.0
2013-05-16,0.0
2013-05-17,0.0
2013-05-20,-0.0071247464008727945
2013-05-21,-0.010101080251444183
2013-05-22,-0.009861559981147572
2013-05-23,-0.02250508900336312
2013-05-24,-0.02071065025704255
2013-05-27,-0.007464393997277052
2013-05-28,-0.002220470702504085
2013-05-29,0.0
2013-05-30,0.0
2013-05-31,-0.0010778639878864515
2013-06-03,-0.005383440681316465
2013-06-04,0.0
2013-06-05,-0.0035017350812870385
2013-06-06,-0.008877802543673652
2013-06-07,-0.013114493683109685
2013-06-10,-0.013888336305182047
2013-06-11,-0.0211873443535725
2013-06-12,-0.02680256418408722
2013-06-13,-0.03947375103847195
2013-06-14,-0.02961017409934441
2013-06-17,-0.018204744900660708
2013-06-18,-0.01384944974125868
2013-06-19,-0.009865521267323651
2013-06-20,-0.031064531590073274
2013-06-21,-0.04397681514078211
2013-06-24,-0.06381285139802229
2013-06-25,-0.07311840614485154
2013-06-26,-0.0745824852765612
2013-06-27,-0.06584856301940345
2013-06-28,-0.051141664543637444
2013-07-01,-0.035968127300792574
2013-07-02,-0.0368236317071039
2013-07-03,-0.04421596750890988
2013-07-04,-0.03324023484157801
2013-07-05,-0.032686101305671844
2013-07-08,-0.033360783189740006
2013-07-09,-0.03006903555363838
2013-07-10,-0.032651103398141035
2013-07-11,-0.025900395901068074
2013-07-12,-0.019464669571773174
2013-07-15,-0.006781816748211544
2013-07-16,-0.010297162126871595
2013-07-17,-0.015531293630938636
2013-07-18,-0.009634146211980554
2013-07-19,-0.00889919015383156
2013-07-22,-0.012202603759109976
2013-07-23,-0.012010115267690025
2013-07-24,-0.02067598603798204
2013-07-25,-0.03246833654770176
2013-07-26,-0.03718916540798223
2013-07-29,-0.05479311289602895
2013-07-30,-0.07485663555221989
2013-07-31,-0.08184649541742073
2013-08-01,-0.08457049922024307
2013-08-02,-0.09122787896390017
2013-08-05,-0.09225253992327742
2013-08-06,-0.11069060420747745
2013-08-07,-0.1113108449020529
2013-08-08,-0.10349270122528731
2013-08-12,-0.08374221540867821
2013-08-13,-0.06597883300854634
2013-08-14,-0.05819568723931168
2013-08-16,-0.07858002404786923
2013-08-19,-0.09532068981682029
2013-08-20,-0.10946567744389568
2013-08-21,-0.11929231214729619
2013-08-22,-0.1150945075717833
2013-08-23,-0.1002340071685206
2013-08-26,-0.09419103513485039
2013-08-27,-0.11383847155706295
2013-08-28,-0.12398203175643774
2013-08-29,-0.10618170712057862
2013-08-30,-0.10108756724663548
2013-09-02,-0.09277556420804478
2013-09-03,-0.10527176152477513
2013-09-04,-0.09321303805218117
2013-09-05,-0.07855474778131932
2013-09-06,-0.07128490465587123
2013-09-10,-0.04488870506478182
2013-09-11,-0.038594914693806937
2013-09-12,-0.04086783435511965
2013-09-13,-0.047803253030827886
2013-09-16,-0.051944672088652055
2013-09-17,-0.05194661641684828
2013-09-18,-0.044346237498052776
2013-09-19,-0.03279303935646072
2013-09-20,-0.038484087986625726
2013-09-23,-0.03911988330677052
2013-09-24,-0.03785801430746161
2013-09-25,-0.035666756430387525
2013-09-26,-0.03411129387345824
2013-09-27,-0.029944598549084156
2013-09-30,-0.03171393720759108
2013-10-01,-0.03090509667798791
2013-10-03,-0.02027934308596513
2013-10-04,-0.019902143415909568
2013-10-07,-0.012815067140900749
2013-10-08,-0.011625138284850012
2013-10-09,0.0
2013-10-10,0.0
2013-10-11,0.0
2013-10-14,0.0
2013-10-15,-0.004510021475046866
2013-10-17,-0.01829479199623041
2013-10-18,-0.006216360810191945
2013-10-21,-0.004104023788121358
2013-10-22,-0.0001742725920292898
2013-10-23,-0.003378207168570291
2013-10-24,-0.011986507181451556
2013-10-25,-0.015221083092854415
2013-10-28,-0.026052794966682558
2013-10-29,-0.010933211295559464
2013-10-30,-0.005304781098038114
2013-10-31,-0.004544492976766845
2013-11-01,-0.004203608126423619
2013-11-03,0.0
2013-11-05,-0.015379081006054118
2013-11-06,-0.01054794608904741
2013-11-07,-0.015251192408883285
2013-11-08,-0.011924180097408366
2013-11-11,-0.01799220771541088
2013-11-12,-0.021443291053991675
2013-11-13,-0.02277944057667236
2013-11-14,-0.016278118756314908
2013-11-18,-0.005474395472925719
2013-11-19,-0.006277993971566476
2013-11-20,-0.01618649707475961
2013-11-21,-0.028549697729620238
2013-11-22,-0.026787889144714194
2013-11-25,-0.017891042108693633
2013-11-26,-0.013283235040477903
2013-11-27,-0.014329249238233643
2013-11-28,-0.009570648152458117
2013-11-29,-0.0057072672468788666
2013-12-02,0.0
2013-12-03,-0.003383802612525466
2013-12-04,-0.009948227770494089
2013-12-05,-0.013525716054443415
2013-12-06,-0.0112888364374093
2013-12-09,-0.006327065266517717
2013-12-10,-0.0009380462910144605
2013-12-11,-0.004145253144300143
2013-12-12,-0.01008874482623301
2013-12-13,-0.013772570341552437
2013-12-16,-0.010453329619501739
2013-12-17,-0.008679776510579829
2013-12-18,0.0
2013-12-19,0.0
2013-12-20,0.0
2013-12-23,0.0
2013-12-24,-0.0013829428757804463
2013-12-26,-0.003041733795057122
2013-12-27,0.0
2013-12-30,-0.0017792004412540141
2013-12-31,0.0
2014-01-01,0.0
2014-01-02,-0.011857878822733814
2014-01-03,-0.0022981523662635173
2014-01-06,-0.001591452157787776
2014-01-07,-0.006035403338877421
2014-01-08,-0.002551463090340489
2014-01-09,-0.004212667476497511
2014-01-10,-0.0003120494427034659
2014-01-13,0.0
2014-01-14,-0.000987126221037693
2014-01-15,0.0
2014-01-16,-0.005483755002433699
2014-01-17,-0.01871379329501832
2014-01-20,-0.0015485262211335504
2014-01-21,-0.003697836789852804
2014-01-22,-0.0015211348375049338
2014-01-23,-0.006163061316421414
2014-01-24,-0.014862564756845664
2014-01-27,-0.02898190997123684
2014-01-28,-0.03173017879530027
2014-01-29,-0.026058336291950646
2014-01-30,-0.035502885367071135
2014-01-31,-0.021471192580291287
2014-02-03,-0.024842158858843555
2014-02-04,-0.02782416748987049
2014-02-05,-0.02331554574461292
2014-02-06,-0.01781170372751839
2014-02-07,-0.017758747052503132
2014-02-10,-0.021942324378702027
2014-02-11,-0.01830657472507402
2014-02-12,-0.016484134667655193
2014-02-13,-0.024193896112968072
2014-02-14,-0.02102197388878313
2014-02-17,-0.01965423079959805
2014-02-18,-0.016416569254704916
2014-02-19,-0.009818897984710584
2014-02-20,-0.013538647881466304
2014-02-21,-0.008087762539386811
2014-02-24,-0.005722973086122907
2014-02-25,-0.0010518291313359462
2014-02-26,0.0
2014-02-28,0.0
2014-03-03,-0.008287813366404162
2014-03-04,-0.006526135150289547
2014-03-05,-0.004528485721178033
2014-03-06,-0.0009997253680402718
2014-03-07,-0.012594738330341082
2014-03-10,-0.01994046815172712
2014-03-11,-0.021354494122739265
2014-03-12,-0.01527328179390186
2014-03-13,-0.02124461439760339
2014-03-14,-0.02262621684316568
2014-03-18,-0.019223547977888944
2014-03-19,-0.017216892013930174
2014-03-20,-0.013936712022575626
2014-03-21,-0.010429567353071323
2014-03-22,-0.0067026632332950475
2014-03-24,-0.009656806663180473
2014-03-25,-0.009161447246583854
2014-03-26,-0.017942818722615494
2014-03-27,-0.012769465106376887
2014-03-28,-0.00862826038362896
2014-03-31,-0.004908561491730468
2014-04-01,-0.0009222691683544726
2014-04-02,0.0
2014-04-03,-0.0007403103923401266
2014-04-04,0.0
2014-04-07,-0.0055083299593657875
2014-04-09,-0.0020440721049598265
2014-04-10,-0.009973294418199719
2014-04-11,-0.008506894864641623
2014-04-15,-0.008945926003706917
2014-04-16,-0.01910585309235968
2014-04-17,-0.0038624075513717937
2014-04-21,0.0
2014-04-22,-0.0012748308915235818
2014-04-23,0.0
2014-04-25,-0.0022621997737568567
2014-04-28,-0.0012230948428213484
2014-04-29,-0.0051429561084247455
2014-04-30,-0.01039280159423095
2014-05-02,-0.00015069649925869566
2014-05-05,-0.006371307805871362
2014-05-06,-0.0017873305726041622
2014-05-07,-0.0044227670247577455
2014-05-08,-2.4531988251474957e-05
2014-05-09,0.0
2014-05-12,0.0
2014-05-13,0.0
2014-05-14,0.0
2014-05-15,-0.003286619431884019
2014-05-16,-0.009503104115054395
2014-05-19,-0.016919110101104362
2014-05-20,-0.0021560361349169943
2014-05-21,0.0
2014-05-22,0.0
2014-05-23,0.0
2014-05-26,-0.012134242736390854
2014-05-27,-0.0034573361046977835
2014-05-28,0.0
2014-05-29,-0.0007067697813049056
2014-05-30,0.0
2014-06-02,0.0
2014-06-03,0.0
2014-06-04,0.0
2014-06-05,0.0
2014-06-06,0.0
2014-06-09,0.0
2014-06-10,0.0
2014-06-11,0.0
2014-06-12,0.0
2014-06-13,-0.009460457186345805
2014-06-16,-0.0038219689533313117
2014-06-17,0.0
2014-06-18,-0.0022153339632453584
2014-06-19,-0.0002863461550826063
2014-06-20,0.0
2014-06-23,0.0
2014-06-24,0.0
2014-06-25,0.0
2014-06-26,0.0
2014-06-27,0.0
2014-06-30,0.0
2014-07-01,0.0
2014-07-02,0.0
2014-07-03,0.0
2014-07-04,0.0
2014-07-07,0.0
2014-07-08,-0.024923008578905392
2014-07-09,-0.04231389415731723
2014-07-10,-0.0438910122601347
2014-07-11,-0.050958942983741595
2014-07-14,-0.05050042889984452
2014-07-15,-0.030384010686501095
2014-07-16,-0.017027481227087193
2014-07-17,-0.001205196462008784
2014-07-18,-0.005334662313580041
2014-07-21,0.0
2014-07-22,0.0
2014-07-23,-0.002391964594179896
2014-07-24,-0.00852578643427293
2014-07-25,-0.014075031331042265
2014-07-28,-0.01234248082510414
2014-07-30,-0.00553088861594031
2014-07-31,-0.0026588366770018412
2014-08-01,-0.010742660349776223
2014-08-04,0.0
2014-08-05,0.0
2014-08-06,0.0
2014-08-07,-0.0034958930003109456
2014-08-08,-0.014348312041405409
2014-08-11,-0.002296459406705087
2014-08-12,0.0
2014-08-13,-0.0020020369956607054
2014-08-14,0.0
2014-08-18,0.0
2014-08-19,0.0
2014-08-20,0.0
2014-08-21,0.0
2014-08-22,0.0
2014-08-25,0.0
2014-08-26,0.0
2014-08-27,0.0
2014-08-28,-0.0031595453850372657
2014-09-01,0.0
2014-09-02,0.0
2014-09-03,0.0
2014-09-04,0.0
2014-09-05,0.0
2014-09-08,0.0
2014-09-09,0.0
2014-09-10,0.0
2014-09-11,0.0
2014-09-12,0.0
2014-09-15,0.0
2014-09-16,-0.03588910269176393
2014-09-17,-0.028608819791035578
2014-09-18,-0.014022164036196605
2014-09-19,-0.012109296090460409
2014-09-22,-0.011116691954948243
2014-09-23,-0.031945962010069606
2014-09-24,-0.050635855887814274
2014-09-25,-0.06565180996649478
2014-09-26,-0.05472249131311302
2014-09-29,-0.02786169839871444
2014-09-30,-0.02122417707677704
2014-10-01,-0.0267054391010747
2014-10-07,-0.03341174302738503
2014-10-08,-0.039159834120369164
2014-10-09,-0.01915714122468859
2014-10-10,-0.03870444584314492
2014-10-13,-0.030534732713463075
2014-10-14,-0.030259602295973576
2014-10-16,-0.06398798248486559
2014-10-17,-0.060489556917648124
2014-10-20,-0.04531943493261581
2014-10-21,-0.03233493949686539
2014-10-22,-0.021211132100085517
2014-10-23,-0.013489691805796178
2014-10-27,-0.017156516163029045
2014-10-28,-0.01545829737921356
2014-10-29,-0.0075008615975086235
2014-10-30,0.0
2014-10-31,0.0
2014-11-03,0.0
2014-11-05,0.0
2014-11-07,0.0
2014-11-10,0.0
2014-11-11,0.0
2014-11-12,0.0
2014-11-13,0.0
2014-11-14,0.0
2014-11-17,0.0
2014-11-18,0.0
2014-11-19,-0.007222416121993258
2014-11-20,-0.009251586612818885
2014-11-21,-0.018202916694676774
2014-11-24,-0.019987112542913632
2014-11-25,-0.030242444815189895
2014-11-26,-0.027910849876212174
2014-11-27,-0.024639462834913584
2014-11-28,-0.021931734263287872
2014-12-01,-0.0238351655570328
2014-12-02,-0.017157980608589307
2014-12-03,-0.004564549645762361
2014-12-04,-0.0007273362175984621
2014-12-05,-9.105252202423753e-05
2014-12-08,-0.010657480911216766
2014-12-09,-0.02507413023171945
2014-12-10,-0.015120138448999287
2014-12-11,-0.025556491806728587
2014-12-12,-0.03733261798852883
2014-12-15,-0.03994495820374777
2014-12-16,-0.07195208761245486
2014-12-17,-0.0834160337187434
2014-12-18,-0.051486949328913956
2014-12-19,-0.04008695677976171
2014-12-22,-0.03859651371091277
2014-12-23,-0.04376266037719223
2014-12-24,-0.04586987588689584
2014-12-26,-0.04403148210888286
2014-12-29,-0.03160281285257582
2014-12-30,-0.024068216655070862
2014-12-31,-0.0064463017675961964
2015-01-01,-0.003652940466924437
2015-01-02,0.0
2015-01-05,0.0
2015-01-06,-0.03088576999099979
2015-01-07,-0.02777488855899113
2015-01-08,-0.0032389451616283704
2015-01-09,-0.0044843649321785195
2015-01-12,0.0
2015-01-13,0.0
2015-01-14,-0.0032737444149172346
2015-01-15,0.0
2015-01-16,0.0
2015-01-19,0.0
2015-01-20,0.0
2015-01-21,0.0
2015-01-22,0.0
2015-01-23,-0.005351761209927974
2015-01-27,0.0
2015-01-28,0.0
2015-01-29,-0.0023322269141256013
2015-01-30,-0.0027354529401126815
2015-02-02,0.0
2015-02-03,-0.0014337185521954288
2015-02-04,-0.005656231418997515
2015-02-05,-0.020113397607412153
2015-02-06,-0.037413803118745204
2015-02-09,-0.059038553827240214
2015-02-10,-0.04711106404350762
2015-02-11,-0.02289412599486218
2015-02-12,-0.008175825414732718
2015-02-13,-0.0006896367719418928
2015-02-16,-0.002341135357382118
2015-02-18,0.0
2015-02-19,-0.0023617485620871514
2015-02-20,-0.0022027654878400416
2015-02-23,-0.011196807958616661
2015-02-24,-0.01751013582526284
2015-02-25,-0.011162811577959841
2015-02-26,-0.02306954395617089
2015-02-27,-0.0045275179886243855
2015-02-28,-0.004124560888488449
2015-03-02,0.0
2015-03-03,0.0
2015-03-04,-0.01140293139657167
2015-03-05,-8.660454225239977e-05
2015-03-09,-0.014251258563985458
2015-03-10,-0.01052726324713027
2015-03-11,-0.01584863123219693
2015-03-12,0.0
2015-03-13,-0.01595332417231765
2015-03-16,-0.01307100089748725
2015-03-17,-0.002930202398996884
2015-03-18,-0.0031504463701635954
2015-03-19,-0.010073767724656735
2015-03-20,-0.028258259083138948
2015-03-23,-0.03257695608296818
2015-03-24,-0.03502836724029912
2015-03-25,-0.04195168859479237
2015-03-26,-0.05432652702689733
2015-03-27,-0.0532157313462317
2015-03-30,-0.02708043262864024
2015-03-31,-0.021488150925979
2015-04-01,-0.0017523759444981746
2015-04-06,0.0
2015-04-07,-0.00012330029796991937
2015-04-08,0.0
2015-04-09,-0.0008407392633502653
2015-04-10,-0.0004390527264163113
2015-04-13,-0.005072460222213415
2015-04-15,-0.014843718771817671
2015-04-16,-0.023437942352731556
2015-04-17,-0.04605382853685358
2015-04-20,-0.06568976110976765
2015-04-21,-0.06613815538355439
2015-04-22,-0.07238484811024704
2015-04-23,-0.07615976740268982
2015-04-24,-0.10707842088976427
2015-04-27,-0.1390975086570907
2015-04-28,-0.1214606672214763
2015-04-29,-0.10815550130158957
2015-04-30,-0.10538853497043021
2015-05-04,-0.08308091984953658
2015-05-05,-0.08088752452692938
2015-05-06,-0.11653767175719187
2015-05-07,-0.14370756228446135
2015-05-08,-0.12128130951196148
2015-05-11,-0.10229835110024954
2015-05-12,-0.1230496644292084
2015-05-13,-0.1092521989628934
2015-05-14,-0.09728287431699667
2015-05-15,-0.09379100390988182
2015-05-18,-0.0827324801326147
2015-05-19,-0.08296321635266746
2015-05-20,-0.08040082990892328
2015-05-21,-0.08083521186165421
2015-05-22,-0.0766053592122653
2015-05-25,-0.07541337776778201
2015-05-26,-0.07729569956294946
2015-05-27,-0.07662030568805822
2015-05-28,-0.08163391416183718
2015-05-29,-0.06313951867760526
2015-06-01,-0.06088820576130061
2015-06-02,-0.08749480098212548
2015-06-03,-0.1040498912322293
2015-06-04,-0.10426568097648914
2015-06-05,-0.10168554559274101
2015-06-08,-0.1174167113647615
2015-06-09,-0.1280137627019231
2015-06-10,-0.11173518225398771
2015-06-11,-0.12937389199907634
2015-06-12,-0.1349237052919252
2015-06-15,-0.13032019074771395
2015-06-16,-0.12336540873033308
2015-06-17,-0.10493360161348408
2015-06-18,-0.09006466066376617
2015-06-19,-0.08256900305362991
2015-06-22,-0.06978229301280936
2015-06-23,-0.06778880680393218
2015-06-24,-0.07562076011940844
2015-06-25,-0.07112560752469566
2015-06-26,-0.06745437940806631
2015-06-29,-0.08369746197599348
2015-06-30,-0.07018397954974354
2015-07-01,-0.05422768248609222
2015-07-02,-0.04267218838871145
2015-07-03,-0.04830514145315823
2015-07-06,-0.03948672073535098
2015-07-07,-0.03659084105047783
2015-07-08,-0.05531130198107703
2015-07-09,-0.05902923783455949
2015-07-10,-0.05472278449673196
2015-07-13,-0.04182210757799065
2015-07-14,-0.04151383651476226
2015-07-15,-0.037198041629564194
2015-07-16,-0.022802717131533368
2015-07-17,-0.017450010488203493
2015-07-20,-0.010668047097177946
2015-07-21,-0.025950818595411707
2015-07-22,-0.015516310182497772
2015-07-23,-0.012433599550213503
2015-07-24,-0.01712305633023392
2015-07-27,-0.029014846132954797
2015-07-28,-0.02696904725880256
2015-07-29,-0.01440466604540136
2015-07-30,-0.009023934759959551
2015-07-31,0.0
2015-08-03,0.0
2015-08-04,0.0
2015-08-05,0.0
2015-08-06,-0.005130529386760063
2015-08-07,-0.008163842375072505
2015-08-10,-0.009928024409818104
2015-08-11,-0.021692238284371612
2015-08-12,-0.04621076819583558
2015-08-13,-0.05300646940110543
2015-08-14,-0.03226832956409631
2015-08-17,-0.03080117817805772
2015-08-18,-0.012925333683135753
2015-08-19,-0.008298856306303004
2015-08-20,-0.024104487189023582
2015-08-21,-0.036705787437206316
2015-08-24,-0.1274630521032425
2015-08-25,-0.11345040622726343
2015-08-26,-0.11209036589333465
2015-08-27,-0.08856013795847806
2015-08-28,-0.08438370701908038
2015-08-31,-0.09212450574296405
2015-09-01,-0.11562413052007514
2015-09-02,-0.11868984685188266
2015-09-03,-0.10900214723965473
2015-09-04,-0.13103642081647726
2015-09-07,-0.15300678779918364
2015-09-08,-0.14695816368005588
2015-09-09,-0.12834964358498968
2015-09-10,-0.12731723705751352
2015-09-11,-0.11841531852504739
2015-09-14,-0.11212816979407902
2015-09-15,-0.1191245917104451
2015-09-16,-0.1278986970546796
2015-09-18,-0.12332172478596459
2015-09-21,-0.11867454527301002
2015-09-22,-0.12751255721136046
2015-09-23,-0.11997337929144769
2015-09-24,-0.11830550719431321
2015-09-28,-0.1128851479018449
2015-09-29,-0.11370873288235106
2015-09-30,-0.09218757489066898
2015-10-01,-0.09218757489066898
2015-10-05,-0.09218757489066898
2015-10-06,-0.09218757489066898
2015-10-07,-0.09218757489066898
2015-10-08,-0.09218757489066898
2015-10-09,-0.09218757489066898
2015-10-12,-0.09218757489066898
2015-10-13,-0.09218757489066898
2015-10-14,-0.09218757489066898
2015-10-15,-0.09218757489066898
2015-10-16,-0.09218757489066898
2015-10-19,-0.09218757489066898
2015-10-20,-0.09218757489066898
2015-10-21,-0.09218757489066898
2015-10-23,-0.09218757489066898
2015-10-26,-0.09218757489066898
2015-10-27,-0.09218757489066898
2015-10-28,-0.09218757489066898
2015-10-29,-0.09218757489066898
2015-10-30,-0.09480780825971291
2015-11-02,-0.09461360779971328
2015-11-03,-0.09254521877336963
2015-11-04,-0.09631979755542308
2015-11-05,-0.10478447157381288
2015-11-06,-0.10826158457189894
2015-11-09,-0.10982751843983118
2015-11-10,-0.12157510499630764
2015-11-11,-0.11674475387219352
2015-11-13,-0.12568722267312193
2015-11-16,-0.12116820879440382
2015-11-17,-0.1184586499953636
2015-11-18,-0.12729322965184775
2015-11-19,-0.11563811950489489
2015-11-20,-0.11068600777490822
2015-11-23,-0.1095824559545937
2015-11-24,-0.11140732376919205
2015-11-26,-0.10971654674840281
2015-11-27,-0.1062671766731742
2015-11-30,-0.10760500206428159
2015-12-01,-0.10349134311397534
2015-12-02,-0.10266213797524726
2015-12-03,-0.11038700071744867
2015-12-04,-0.11848947546520461
2015-12-07,-0.11851567711456967
2015-12-08,-0.12498440196074279
2015-12-09,-0.1359721406856339
2015-12-10,-0.12833358925898775
2015-12-11,-0.13319938967341927
2015-12-14,-0.12771862113565613
2015-12-15,-0.12230104481106752
2015-12-16,-0.11948976196155126
2015-12-17,-0.10769439592682106
2015-12-18,-0.11564736714584734
2015-12-21,-0.10729212354539364
2015-12-22,-0.11282375410839462
2015-12-23,-0.10654922972222103
2015-12-24,-0.1062209384684123
2015-12-28,-0.10034098009620585
2015-12-29,-0.09928058393366901
2015-12-30,-0.10219667338064531
2015-12-31,-0.09757285290446727
2016-01-01,-0.09663884116827937
2016-01-04,-0.11110523416474838
2016-01-05,-0.1107260808857018
2016-01-06,-0.11569514662410108
2016-01-07,-0.13413802523008334
2016-01-08,-0.13132828365405913
2016-01-11,-0.13630659703341086
2016-01-12,-0.1400734694480038
2016-01-13,-0.13862467236546805
2016-01-14,-0.14024455080562248
2016-01-15,-0.1499329959767074
2016-01-18,-0.16140931839858141
2016-01-19,-0.15537831522415313
2016-01-20,-0.16682381217618591
2016-01-21,-0.1716757411291886
2016-01-22,-0.15541222324097848
2016-01-25,-0.15501919850050327
2016-01-27,-0.15516561948224894
2016-01-28,-0.1566853151454195
2016-01-29,-0.14237613204514055
2016-02-01,-0.14328548340545555
2016-02-02,-0.15245143686273255
2016-02-03,-0.16228784428905518
2016-02-04,-0.15940874540588834
2016-02-05,-0.1501950124703576
2016-02-08,-0.15980485269334765
2016-02-09,-0.1681940043106267
2016-02-10,-0.17658315592790563
2016-02-11,-0.2003264740730799
2016-02-12,-0.20075340683038034
2016-02-15,-0.18536841483264388
2016-02-16,-0.195782799818489
2016-02-17,-0.19089696284866076
2016-02-18,-0.1816554869902729
2016-02-19,-0.17893205672980417
2016-02-22,-0.1757493269687015
2016-02-23,-0.18892413277882492
2016-02-24,-0.19813478316737143
2016-02-25,-0.20398237479624481
2016-02-26,-0.20161343743894944
2016-02-29,-0.206303532675286
2016-03-01,-0.1809973632091636
2016-03-02,-0.16772391589554858
2016-03-03,-0.15733881510605263
2016-03-04,-0.15680707575129227
2016-03-08,-0.15714769719303734
2016-03-09,-0.15231272224844716
2016-03-10,-0.15690725852827592
2016-03-11,-0.15505464779082068
2016-03-14,-0.1519859722681305
2016-03-15,-0.1615480330128667
2016-03-16,-0.15794761813541602
2016-03-17,-0.15548620436859728
2016-03-18,-0.1466947803698907
2016-03-21,-0.1379079801916605
2016-03-22,-0.13742556158864594
2016-03-23,-0.13664413592817182
2016-03-28,-0.1447666472313246
2016-03-29,-0.1468581553600491
2016-03-30,-0.1349888081977001
2016-03-31,-0.13412261249516266
2016-04-01,-0.13429215257928928
2016-04-04,-0.1300228250062847
2016-04-05,-0.14183822759641185
2016-04-06,-0.13884661574832446
2016-04-07,-0.1472434737330639
2016-04-08,-0.14605361059719402
2016-04-11,-0.135062789325319
2016-04-12,-0.12973306558977782
2016-04-13,-0.11384561843362995
2016-04-18,-0.106783503293014
2016-04-20,-0.10758034168840869
2016-04-21,-0.11520502165362634
2016-04-22,-0.11724720903060493
2016-04-25,-0.12152732551805367
2016-04-26,-0.1125802328966492
2016-04-27,-0.10749403037285343
2016-04-28,-0.12049004845789779
2016-04-29,-0.1194173221074245
2016-05-02,-0.11824441297996735
2016-05-03,-0.1241027935232848
2016-05-04,-0.126003183738994
2016-05-05,-0.12367894331296847
2016-05-06,-0.12273260138884423
2016-05-09,-0.11164159733998513
2016-05-10,-0.10837101498983515
2016-05-11,-0.10987529791808515
2016-05-12,-0.10720427095634633
2016-05-13,-0.11540384593410191
2016-05-16,-0.11201304425157133
2016-05-17,-0.10921255031649957
2016-05-18,-0.11272048878442664
2016-05-19,-0.12089540338630944
2016-05-20,-0.12361575109979406
2016-05-23,-0.12412283007868163
2016-05-24,-0.12253531838186049
2016-05-25,-0.1048615352484159
2016-05-26,-0.09133994290257941
2016-05-27,-0.0842377546511699
2016-05-30,-0.0805818539280051
2016-05-31,-0.08526886661735755
2016-06-01,-0.0793719542367386
2016-06-02,-0.07494849931452807
2016-06-03,-0.0732207317299296
2016-06-06,-0.07644199332833379
2016-06-07,-0.07102595827723712
2016-06-08,-0.06913943952295654
2016-06-09,-0.07742070199579132
2016-06-10,-0.07917158868277074
2016-06-13,-0.08379540915894879
2016-06-14,-0.08543224160751595
2016-06-15,-0.07313133786739012
2016-06-16,-0.0786490969689626
2016-06-17,-0.07430270572135533
2016-06-20,-0.06779853158486493
2016-06-21,-0.06941532747803514
2016-06-22,-0.07083329909072966
2016-06-23,-0.06802355751470557
2016-06-24,-0.07939044951864327
2016-06-27,-0.07934112876689725
2016-06-28,-0.07478820687135401
2016-06-29,-0.06466666384900022
2016-06-30,-0.055522288220612115
2016-07-01,-0.05067960690856166
2016-07-04,-0.04940034991015241
2016-07-05,-0.05311790157299967
2016-07-07,-0.05229486152823992
2016-07-08,-0.05232106317760499
2016-07-11,-0.039972379959225424
2016-07-12,-0.03731830700589922
2016-07-13,-0.03943601678398867
2016-07-14,-0.03461028948035105
2016-07-15,-0.03748322326954945
2016-07-18,-0.04088019004604837
2016-07-19,-0.04010184693255836
2016-07-20,-0.036117654955584944
2016-07-21,-0.03699309829907471
2016-07-22,-0.03456713382257315
2016-07-25,-0.02518540207640796
2016-07-26,-0.028812018603223688
2016-07-27,-0.026194936213706832
2016-07-28,-0.017452832966746268
2016-07-29,-0.019559753830391324
2016-08-01,-0.016759259895319567
2016-08-02,-0.015728147929131908
2016-08-03,-0.026085505795770625
2016-08-04,-0.026695850098626073
2016-08-05,-0.013319137461043074
2016-08-08,-0.008505740345341795
2016-08-09,-0.014031205814374448
2016-08-10,-0.02684535362735596
2016-08-11,-0.022552906951970653
2016-08-12,-0.016198236344210026
2016-08-16,-0.016563518161828106
2016-08-17,-0.01942103921610605
2016-08-18,-0.014092856754056915
2016-08-19,-0.015046905045641656
2016-08-22,-0.01787668317706259
2016-08-23,-0.01825429518261712
2016-08-24,-0.015553984024529122
2016-08-25,-0.022744024864985946
2016-08-26,-0.024894101386408796
2016-08-29,-0.024303793638950077
2016-08-30,-0.010153361708353237
2016-08-31,-0.004079202876147381
2016-09-01,-0.005293726387890052
2016-09-02,-0.002038556772660849
2016-09-06,0.0
2016-09-07,-0.005500493990608812
2016-09-08,0.0
2016-09-09,-0.010772727964509121
2016-09-12,-0.025793468572145484
2016-09-14,-0.024043568324473408
2016-09-15,-0.0238725484049801
2016-09-16,-0.018894647176872503
2016-09-19,-0.016211772189821727
2016-09-20,-0.021088893822513888
2016-09-21,-0.022136390829410102
2016-09-22,-0.012664635823903536
2016-09-23,-0.01510625056738324
2016-09-26,-0.025243761688060085
2016-09-27,-0.025312475048570815
2016-09-28,-0.023422094152743433
2016-09-29,-0.04011944075684071
2016-09-30,-0.037166293218448
2016-10-03,-0.021156080219457585
2016-10-04,-0.01806703292361045
2016-10-05,-0.01872057333024546
2016-10-06,-0.021328627102517816
2016-10-07,-0.025579693672779125
2016-10-10,-0.023191522654140817
2016-10-13,-0.03401311345279079
2016-10-14,-0.03464527636948922
2016-10-17,-0.045326386519983886
2016-10-18,-0.03264800802397849
2016-10-19,-0.033281697904243734
2016-10-20,-0.034161228918780595
2016-10-21,-0.03554618487396266
2016-10-24,-0.037577046417945126
2016-10-25,-0.03993620512881213
2016-10-26,-0.04115166812806781
2016-10-27,-0.04604864028712963
2016-10-28,-0.04095010893723661
2016-10-30,-0.04021869338868944
2016-11-01,-0.04173496821062528
2016-11-02,-0.051756430100217465
2016-11-03,-0.05501038946129022
2016-11-04,-0.05906447773142098
2016-11-07,-0.05625791869545105
2016-11-08,-0.05371705132012239
2016-11-09,-0.07086027128575578
2016-11-10,-0.06968756326637338
2016-11-11,-0.09458623118831311
2016-11-15,-0.11981930413140474
2016-11-16,-0.11589806169159467
2016-11-17,-0.12109584567333653
2016-11-18,-0.11847252226539517
2016-11-21,-0.1327190923446112
2016-11-22,-0.12290529750011803
2016-11-23,-0.11832746072653921
2016-11-24,-0.1208698550654348
2016-11-25,-0.10494973291689169
2016-11-28,-0.10179502618766767
2016-11-29,-0.09800052172391072
2016-11-30,-0.08971827133702248
2016-12-01,-0.09345780511237078
2016-12-02,-0.10424580271254891
2016-12-05,-0.09840516706914038
2016-12-06,-0.09824025500391476
2016-12-07,-0.10229739720117925
2016-12-08,-0.0879912755428538
2016-12-09,-0.0881913077701183
2016-12-12,-0.0993793698248252
2016-12-13,-0.09578947847903352
2016-12-14,-0.10054138909923938
2016-12-15,-0.10364570603075562
2016-12-16,-0.10444736190338033
2016-12-19,-0.10921301519568827
2016-12-20,-0.11109576127368104
2016-12-21,-0.11309455658275869
2016-12-22,-0.12180130284124624
2016-12-23,-0.12219220551437382
2016-12-26,-0.1311157805993618
2016-12-27,-0.11972463239025666
2016-12-28,-0.11769224388270705
2016-12-29,-0.11024982345761625
2016-12-30,-0.10018102569744991
2017-01-02,-0.09809366650149187
2017-01-03,-0.09610250601024883
2017-01-04,-0.09632544269101684
2017-01-05,-0.08853792849980546
2017-01-06,-0.09323334146803586
2017-01-09,-0.09467326811162646
2017-01-10,-0.08996105854416026
2017-01-11,-0.08072598289152366
2017-01-12,-0.07796523276256084
2017-01-13,-0.08085424783114359
2017-01-16,-0.08140853560592987
2017-01-17,-0.08090311066528455
2017-01-18,-0.0785179935737802
2017-01-19,-0.07844164539543508
2017-01-20,-0.084370844925724
2017-01-23,-0.07928452928436613
2017-01-24,-0.0694447760592356
2017-01-25,-0.05815593440911304
2017-01-27,-0.05590824403862993
2017-01-30,-0.05498137715351914
2017-01-31,-0.06319491417989687
2017-02-01,-0.050999056171033064
2017-02-02,-0.04860477729812729
2017-02-03,-0.048047435596207166
2017-02-06,-0.04065845889595798
2017-02-07,-0.042617553152295984
2017-02-08,-0.04065693193239084
2017-02-09,-0.03841076852547487
2017-02-10,-0.03481782325254945
2017-02-13,-0.033020587134303
2017-02-14,-0.034910968030130496
2017-02-15,-0.04036833581824606
2017-02-16,-0.03246629935951684
2017-02-17,-0.030322442511583336
2017-02-20,-0.024297044276579416
2017-02-21,-0.021649289451567744
2017-02-22,-0.02303424540674981
2017-02-23,-0.02207378532316706
2017-02-27,-0.023719852048289636
2017-02-28,-0.024513873103079842
2017-03-01,-0.017473044096084744
2017-03-02,-0.0219439934199801
2017-03-03,-0.02041092199880823
2017-03-06,-0.015087927004580393
2017-03-07,-0.015752156156183528
2017-03-08,-0.01696151130117174
2017-03-09,-0.015356672592355514
2017-03-10,-0.014209922953610454
2017-03-14,0.0
2017-03-15,-0.00040833336935519604
2017-03-16,0.0
2017-03-17,0.0
2017-03-20,-0.00179769386384665
2017-03-21,-0.001669394973479843
2017-03-22,-0.010203535280943199
2017-03-23,-0.00504591988819425
2017-03-24,-0.005918352342689004
2017-03-27,-0.01049937742814222
2017-03-28,-0.006519093029348166
2017-03-29,-0.004899508213304871
2017-03-30,-0.0007667745447809127
2017-03-31,0.0
2017-04-03,0.0
2017-04-05,0.0
2017-04-06,0.0
2017-04-07,-0.0061379368863976325
2017-04-10,-0.009150265795433432
2017-04-11,-0.005115444243350198
2017-04-12,-0.0073214050475922665
2017-04-13,-0.01137560328241527
2017-04-17,-0.013481699644843692
2017-04-18,-0.01860906800064932
2017-04-19,-0.016759340056011318
2017-04-20,-0.012268421202510482
2017-04-21,-0.014703921171518197
2017-04-24,-0.007446608228373619
2017-04-25,0.0
2017-04-26,0.0
2017-04-27,-0.00036130526332367463
2017-04-28,-0.0025350842550077024
2017-05-02,0.0
2017-05-03,0.0
2017-05-04,-0.00011260953028158216
2017-05-05,-0.006802504651615804
2017-05-08,-0.0021380993710045093
2017-05-09,-0.0006771388860354888
2017-05-10,0.0
2017-05-11,-0.0005818584968221296
2017-05-12,-0.0024153722991511195
2017-05-15,0.0
2017-05-16,0.0
2017-05-17,-0.0017430571467340616
2017-05-18,-0.00956569957969644
2017-05-19,-0.014398787858736162
2017-05-22,-0.019211489504480928
2017-05-23,-0.02522263395036095
2017-05-24,-0.03152792839092822
2017-05-25,-0.02222871123216108
2017-05-26,-0.016342798962236782
2017-05-29,-0.012868334173508522
2017-05-30,-0.010532608473122984
2017-05-31,-0.010520958968382788
2017-06-01,-0.007896908025680327
2017-06-02,-0.0023095143147204844
2017-06-05,-0.00038734603260770495
2017-06-06,-0.0028351982161164413
2017-06-07,-0.00037278415168240375
2017-06-08,-0.0012100923048755652
2017-06-09,-0.001476574725804869
2017-06-12,-0.005684958313158073
2017-06-13,-0.005588849899052284
2017-06-14,-0.0036725063693094917
2017-06-15,-0.006193167957443957
2017-06-16,-0.005833489498593969
2017-06-19,-0.0029895541539225468
2017-06-20,-0.00344388483878566
2017-06-21,-0.003655032112199419
2017-06-22,-0.0056194298489951056
2017-06-23,-0.009747723091260152
2017-06-27,-0.016618018511721067
2017-06-28,-0.018464465013023346
2017-06-29,-0.019013447923899696
2017-06-30,-0.0165160853452454
2017-07-03,-0.010343304021096622
2017-07-04,-0.008584228805344929
2017-07-05,-0.004303035813366218
2017-07-06,-0.0035370808767062334
2017-07-07,-0.004217120715908074
2017-07-10,0.0
2017-07-11,0.0
2017-07-12,0.0
2017-07-13,0.0
2017-07-14,-0.000488968474930962
2017-07-17,0.0
2017-07-18,0.0
2017-07-19,0.0
2017-07-20,-0.004843081383374526
2017-07-21,0.0
2017-07-24,0.0
2017-07-25,-0.002160376332120184
2017-07-26,0.0
2017-07-27,-0.0011018152230120037
2017-07-28,0.0
2017-07-31,0.0
2017-08-01,0.0
2017-08-02,-0.0018573232458126698
2017-08-03,-0.0035817807473842445
2017-08-04,-0.00022796964538207565
2017-08-07,-0.001602780451582242
2017-08-08,-0.007634885240129008
2017-08-09,-0.013093569448266673
2017-08-10,-0.022864096703723913
2017-08-11,-0.031189883813906638
2017-08-14,-0.022117251362410606
2017-08-16,-0.014138313774036182
2017-08-17,-0.013044618910914685
2017-08-18,-0.016931291576662733
2017-08-21,-0.026575946021786145
2017-08-22,-0.02672419622062361
2017-08-23,-0.022008161593454756
2017-08-24,-0.020367619298772288
2017-08-28,-0.013440418970074974
2017-08-29,-0.02456477823001002
2017-08-30,-0.017026395477803713
2017-08-31,-0.011557921162195561
2017-09-01,-0.004797152660494963
2017-09-04,-0.009448852295715682
2017-09-05,-0.004851697544972944
2017-09-06,-0.006478253971840653
2017-09-07,-0.004041915798493001
2017-09-08,-0.005710429828804986
2017-09-11,0.0
2017-09-12,0.0
2017-09-13,0.0
2017-09-14,-0.001263119661798262
2017-09-15,0.0
2017-09-18,0.0
2017-09-19,-3.989300570894638e-05
2017-09-20,-0.0033565149630936375
2017-09-21,-0.0036412684866019562
2017-09-22,-0.01678532605724059
2017-09-25,-0.023601527549916068
2017-09-26,-0.02597172233737921
2017-09-27,-0.03820511888114586
2017-09-28,-0.03360504263664388
2017-09-29,-0.03297913513328021
2017-10-03,-0.028688573588243838
2017-10-04,-0.022747266979391112
2017-10-05,-0.022250667839359584
2017-10-06,-0.014607718193889396
2017-10-09,-0.013904775920880796
2017-10-10,-0.009793045091091357
2017-10-11,-0.010632173831864655
2017-10-12,-0.0008446312243195475
2017-10-13,0.0
2017-10-16,0.0
2017-10-17,0.0
2017-10-18,0.0
2017-10-19,-0.004966362883145337
2017-10-23,0.0
2017-10-24,0.0
2017-10-25,-0.0028194833976803446
2017-10-26,0.0
2017-10-27,0.0
2017-10-30,0.0
2017-10-31,-0.000289378150464481
2017-11-01,0.0
2017-11-02,-0.00040855666466188545
2017-11-03,-0.0007568344771602398
2017-11-06,0.0
2017-11-07,-0.008023353120431898
2017-11-08,-0.010203146688341214
2017-11-09,-0.007154914799024414
2017-11-10,-0.00706793715512366
2017-11-13,-0.01402748678477106
2017-11-14,-0.016365178229299948
2017-11-15,-0.024019210892553877
2017-11-16,-0.01651906175312401
2017-11-17,-0.01318313458013598
2017-11-20,-0.011877131804028052
2017-11-21,-0.008361896872845054
2017-11-22,-0.007485429845846325
2017-11-23,-0.005946594607604716
2017-11-24,-0.001773005817974016
2017-11-27,-0.0009152724373538978
2017-11-28,-0.00031579575323870124
2017-11-29,-0.0009968976108607475
2017-11-30,-0.010635358672647088
2017-12-01,-0.020006196214739536
2017-12-04,-0.019945980922808304
2017-12-05,-0.022483051889509276
2017-12-06,-0.026298025162749927
2017-12-07,-0.01615241753114305
2017-12-08,-0.007783830070305586
2017-12-11,-0.0020954921592053477
2017-12-12,-0.008691073802068794
2017-12-13,-0.0112816694727087
2017-12-14,-0.00889446767703661
2017-12-15,-0.0034510052864562546
2017-12-18,0.0
2017-12-19,0.0
2017-12-20,0.0
2017-12-21,0.0
2017-12-22,0.0
2017-12-26,0.0
2017-12-27,-0.0015718148862134962
2017-12-28,-0.003640475345300098
2017-12-29,0.0
2018-01-01,-0.006349372235690209
2018-01-02,-0.004392507975666593
2018-01-03,-0.0038498042875532157
2018-01-04,0.0
2018-01-05,0.0
2018-01-08,0.0
2018-01-09,0.0
2018-01-10,0.0
2018-01-11,0.0
2018-01-12,0.0
2018-01-15,0.0
2018-01-16,-0.001248628953042008
2018-01-17,0.0
2018-01-18,-0.0010809160565151688
2018-01-19,0.0
2018-01-22,0.0
2018-01-23,0.0
2018-01-24,-0.00012584038209384474
2018-01-25,-0.004010532977332559
2018-01-29,0.0
2018-01-30,-0.006344787921658379
2018-01-31,-0.010288845278364489
2018-02-01,-0.006003078096719738
2018-02-02,-0.02787250689277665
2018-02-05,-0.03704860479249561
2018-02-06,-0.05388375917132826
2018-02-07,-0.054389439644863535
2018-02-08,-0.04334958376223885
2018-02-09,-0.04950286397981052
2018-02-12,-0.03932041187038282
2018-02-14,-0.04014652353506898
2018-02-15,-0.04042815251166654
2018-02-16,-0.045099438470164954
2018-02-19,-0.05305514413796153
2018-02-20,-0.05240176491225501
2018-02-21,-0.049426511235044046
2018-02-22,-0.05291620717617329
2018-02-23,-0.04579036822608451
2018-02-26,-0.03805996573956616
2018-02-27,-0.038760908970208896
2018-02-28,-0.0410364711011173
2018-03-01,-0.041559675155418585
2018-03-05,-0.04953290440398117
2018-03-06,-0.056966657701816636
2018-03-07,-0.061935844533338114
2018-03-08,-0.056637464720282304
2018-03-09,-0.05680393873756018
2018-03-12,-0.04321815690649322
2018-03-13,-0.0464625227168971
2018-03-14,-0.049242513637000274
2018-03-15,-0.05132030964212042
2018-03-16,-0.06412504044475642
2018-03-19,-0.07152124321237918
2018-03-20,-0.06783002609244004
2018-03-21,-0.06475213429931381
2018-03-22,-0.06937460456853539
2018-03-23,-0.07465796416950576
2018-03-26,-0.0677899721935461
2018-03-27,-0.06334524110066653
2018-03-28,-0.06575974019336306
2018-04-02,-0.05014497804645324
2018-04-03,-0.047639105996904796
2018-04-04,-0.056573628818920585
2018-04-05,-0.04357113189049544
2018-04-06,-0.04395414729866798
2018-04-09,-0.04119418332801206
2018-04-10,-0.04253724062529718
2018-04-11,-0.036949721729601315
2018-04-12,-0.031109362597138146
2018-04-13,-0.029106667652444296
2018-04-16,-0.02216858135342048
2018-04-17,-0.020189668411195072
2018-04-18,-0.02121855293903152
2018-04-19,-0.01786529059100972
2018-04-20,-0.014212875685624349
2018-04-23,-0.008511453514948863
2018-04-24,-0.00841882887375689
2018-04-25,-0.006787884178171888
2018-04-26,-0.003510974574916559
2018-04-27,-0.0028363167154225044
2018-04-30,0.0
2018-05-02,-0.005440889431137186
2018-05-03,-0.014291817449743616
2018-05-04,-0.019692910661041618
2018-05-07,-0.013151407024977302
2018-05-08,-0.01719321060239354
2018-05-09,-0.017185748811173407
2018-05-10,-0.020855706459467438
2018-05-11,-0.013361580811002693
2018-05-14,-0.012472384023970995
2018-05-15,-0.012426369644782276
2018-05-16,-0.013176279662376666
2018-05-17,-0.016685808799443924
2018-05-18,-0.022029694944722844
2018-05-21,-0.029735238011083354
2018-05-22,-0.028204327179144895
2018-05-23,-0.03384295407760818
2018-05-24,-0.02880873226795233
2018-05-25,-0.018989015022636058
2018-05-28,-0.015928436990629402
2018-05-29,-0.017015371244986754
2018-05-30,-0.017885913553968735
2018-05-31,-0.010370646163714525
2018-06-01,-0.015001931247498823
2018-06-04,-0.01974514319958043
2018-06-05,-0.02532905029576471
2018-06-06,-0.01698428044823741
2018-06-07,-0.0090126001617028
2018-06-08,-0.0107002086092578
2018-06-11,-0.009217799420248585
2018-06-12,-0.003267020922422037
2018-06-13,-0.0016540303870654638
2018-06-14,-0.004722070210291807
2018-06-15,-0.0023330533880713267
2018-06-18,-0.007102381609422337
2018-06-19,-0.01710988726710494
2018-06-20,-0.013661296091666664
2018-06-21,-0.018772623077260575
2018-06-22,-0.014643765268946396
2018-06-25,-0.01763469991623412
2018-06-26,-0.013857789927122277
2018-06-27,-0.022098094697571513
2018-06-28,-0.027510380595699546
2018-06-29,-0.014989494928799196
2018-07-02,-0.019190483385571944
2018-07-03,-0.014412449741130762
2018-07-04,-0.007926909539215488
2018-07-05,-0.0074717402748047945
2018-07-06,-0.005444620326747085
2018-07-09,0.0
2018-07-10,0.0
2018-07-11,0.0
2018-07-12,0.0
2018-07-13,0.0
2018-07-16,-0.00675380630566913
2018-07-17,-0.004084468164123223
2018-07-18,-0.0062894667670105875
2018-07-19,-0.011479505261272283
2018-07-20,-0.010833360823880533
2018-07-23,-0.005946739964667991
2018-07-24,-9.458768380055105e-05
2018-07-25,-0.0026595108497223796
2018-07-26,-0.002074786986226762
2018-07-27,0.0
2018-07-30,0.0
2018-07-31,0.0
2018-08-01,0.0
2018-08-02,-0.008023648658081362
2018-08-03,-0.0002409395024833838
2018-08-06,-0.0011853254921174727
2018-08-07,-0.00021430297457059044
2018-08-08,0.0
2018-08-09,-0.001078960250986749
2018-08-10,-0.0023908503995578867
2018-08-13,-0.00523790546899594
2018-08-14,-0.0002787917427048425
2018-08-16,-0.004992906664800678
2018-08-17,0.0
2018-08-20,0.0
2018-08-21,0.0
2018-08-23,0.0
2018-08-24,-0.0004573206006130981
2018-08-27,0.0
2018-08-28,0.0
2018-08-29,-0.00436121146455859
2018-08-30,-0.004989403067818143
2018-08-31,-0.0005314570892138715
2018-09-03,-0.011305117906525775
2018-09-04,-0.022745431037500485
2018-09-05,-0.02809496621182561
2018-09-06,-0.021609091866483743
2018-09-07,-0.014943734205925097
2018-09-10,-0.02924995300000799
2018-09-11,-0.03758427239687023
2018-09-12,-0.028986555407546577
2018-09-14,-0.018407529094398467
2018-09-17,-0.02630246401180103
2018-09-18,-0.0320902181895133
2018-09-19,-0.03604001660036027
2018-09-21,-0.04293963495155928
2018-09-24,-0.0589299666708929
2018-09-25,-0.05058166156115651
2018-09-26,-0.05497434087968156
2018-09-27,-0.06013157250198842
2018-09-28,-0.06806380265372214
2018-10-01,-0.06409885305392804
2018-10-03,-0.07946448959822061
2018-10-04,-0.09891861620602749
2018-10-05,-0.11703127985399808
2018-10-08,-0.11452783724954296
2018-10-09,-0.12046127593635947
2018-10-10,-0.10979600439382187
2018-10-11,-0.1253760885355164
2018-10-12,-0.10519936676254993
2018-10-15,-0.10654199519845875
2018-10-16,-0.09982535659069514
2018-10-17,-0.1077972129289052
2018-10-19,-0.12139249131855712
2018-10-22,-0.13021980709422976
2018-10-23,-0.14003428110359606
2018-10-24,-0.1348700566248523
2018-10-25,-0.13818350509992994
2018-10-26,-0.14397941761015176
2018-10-29,-0.13064520586081563
2018-10-30,-0.13261835685212986
2018-10-31,-0.11827018091942487
2018-11-01,-0.12024799381503049
2018-11-02,-0.11117019988902066
2018-11-05,-0.11117019988902066
2018-11-06,-0.11117019988902066
2018-11-07,-0.11117019988902066
2018-11-09,-0.11117019988902066
2018-11-12,-0.11117019988902066
2018-11-13,-0.11117019988902066
2018-11-14,-0.11117019988902066
2018-11-15,-0.11117019988902066
2018-11-16,-0.11117019988902066
2018-11-19,-0.11117019988902066
2018-11-20,-0.11117019988902066
2018-11-21,-0.11117019988902066
2018-11-22,-0.11117019988902066
2018-11-26,-0.11117019988902066
2018-11-27,-0.11117019988902066
2018-11-28,-0.11117019988902066
2018-11-29,-0.11117019988902066
2018-11-30,-0.11117019988902066
2018-12-03,-0.11117019988902066
2018-12-04,-0.11117019988902066
2018-12-05,-0.11117019988902066
2018-12-06,-0.11117019988902066
2018-12-07,-0.11117019988902066
2018-12-10,-0.11117019988902066
2018-12-11,-0.11117019988902066
2018-12-12,-0.11117019988902066
2018-12-13,-0.11117019988902066
2018-12-14,-0.11117019988902066
2018-12-17,-0.11117019988902066
2018-12-18,-0.11117019988902066
2018-12-19,-0.11117019988902066
2018-12-20,-0.11117019988902066
2018-12-21,-0.11117019988902066
2018-12-24,-0.11117019988902066
2018-12-26,-0.11117019988902066
2018-12-27,-0.11117019988902066
2018-12-28,-0.11117019988902066
2018-12-31,-0.11117019988902066
2019-01-01,-0.11117019988902066
2019-01-02,-0.11117019988902066
2019-01-03,-0.11117019988902066
2019-01-04,-0.11117019988902066
2019-01-07,-0.11117019988902066
2019-01-08,-0.11117019988902066
2019-01-09,-0.11117019988902066
2019-01-10,-0.11117019988902066
2019-01-11,-0.11117019988902066
2019-01-14,-0.11117019988902066
2019-01-15,-0.11117019988902066
2019-01-16,-0.11117019988902066
2019-01-17,-0.11117019988902066
2019-01-18,-0.11117019988902066
2019-01-21,-0.11117019988902066
2019-01-22,-0.11117019988902066
2019-01-23,-0.11117019988902066
2019-01-24,-0.11117019988902066
2019-01-25,-0.11117019988902066
2019-01-28,-0.11117019988902066
2019-01-29,-0.11117019988902066
2019-01-30,-0.11117019988902066
2019-01-31,-0.11117019988902066
2019-02-01,-0.11117019988902066
2019-02-04,-0.11117019988902066
2019-02-05,-0.11117019988902066
2019-02-06,-0.11117019988902066
2019-02-07,-0.11117019988902066
2019-02-08,-0.11117019988902066
2019-02-11,-0.11117019988902066
2019-02-12,-0.11117019988902066
2019-02-13,-0.11117019988902066
2019-02-14,-0.11117019988902066
2019-02-15,-0.11117019988902066
2019-02-18,-0.11117019988902066
2019-02-19,-0.11117019988902066
2019-02-20,-0.11117019988902066
2019-02-21,-0.11117019988902066
2019-02-22,-0.11117019988902066
2019-02-25,-0.11117019988902066
2019-02-26,-0.11117019988902066
2019-02-27,-0.11117019988902066
2019-02-28,-0.11117019988902066
2019-03-01,-0.11117019988902066
2019-03-05,-0.11117019988902066
2019-03-06,-0.11117019988902066
2019-03-07,-0.11117019988902066
2019-03-08,-0.11117019988902066
2019-03-11,-0.11117019988902066
2019-03-12,-0.11117019988902066
2019-03-13,-0.11117019988902066
2019-03-14,-0.11117019988902066
2019-03-15,-0.11117019988902066
2019-03-18,-0.11117019988902066
2019-03-19,-0.11117019988902066
2019-03-20,-0.11117019988902066
2019-03-22,-0.11117019988902066
2019-03-25,-0.1208431272168079
2019-03-26,-0.11354528352730153
2019-03-27,-0.11135019698545212
2019-03-28,-0.10171919627865
2019-03-29,-0.09732551292862646
2019-04-01,-0.09550719497231852
2019-04-02,-0.09423764865147277
2019-04-03,-0.09681184395641329
2019-04-04,-0.0981586161364072
2019-04-05,-0.09428094193614689
2019-04-08,-0.09847219992810008
2019-04-09,-0.09675333951766463
2019-04-10,-0.10190992074897054
2019-04-11,-0.09923977816448215
2019-04-12,-0.09553527710291787
2019-04-15,-0.08976556935352631
2019-04-16,-0.08626934409390719
2019-04-18,-0.09258548330121108
2019-04-22,-0.10574196148700699
2019-04-23,-0.10710511490985042
2019-04-24,-0.10030455894970758
2019-04-25,-0.1053160491729167
2019-04-26,-0.10290917656279741
2019-04-30,-0.11201246723208691
2019-05-02,-0.11858836614743495
2019-05-03,-0.12581366433289298
2019-05-06,-0.1342745762647224
2019-05-07,-0.13801023866890227
2019-05-08,-0.1465002577762502
2019-05-09,-0.14398350240090996
2019-05-10,-0.1500902649080259
2019-05-13,-0.162050138969408
2019-05-14,-0.162590967019271
2019-05-15,-0.16529733776632938
2019-05-16,-0.16126868623752544
2019-05-17,-0.150066117412348
2019-05-20,-0.129825791602161
2019-05-21,-0.13708710012814385
2019-05-22,-0.13837340337080195
2019-05-23,-0.14472164134722032
2019-05-24,-0.13364361599221664
2019-05-27,-0.13053642295554901
2019-05-28,-0.1281324245713822
2019-05-29,-0.12952272015863464
2019-05-30,-0.12631991195697279
2019-05-31,-0.12179595001045396
2019-06-03,-0.11932596334432333
2019-06-04,-0.1193270949939137
2019-06-06,-0.11933073441589848
2019-06-07,-0.119330817444537
2019-06-10,-0.11933358404077321
2019-06-11,-0.1193312623140318
2019-06-12,-0.1193321008007755
2019-06-13,-0.11933273837871505
2019-06-14,-0.11933376291111153
2019-06-17,-0.12150027790388163
2019-06-18,-0.12169168095393845
2019-06-19,-0.1212690790224139
2019-06-20,-0.113186681327623
2019-06-21,-0.12145268353072758
2019-06-24,-0.12237060613041617
2019-06-25,-0.11773748663795658
2019-06-26,-0.11526146039742546
2019-06-27,-0.1164020760558444
2019-06-28,-0.11826220713196334
2019-07-01,-0.11492214541565504
2019-07-02,-0.11077254217407306
2019-07-03,-0.11071681048183024
2019-07-04,-0.1083341007430626
2019-07-05,-0.11875691123560839
2019-07-08,-0.1346156933027468
2019-07-09,-0.1365485087765006
2019-07-10,-0.13948544492726678
2019-07-11,-0.13418181433954668
2019-07-12,-0.13601889984327575
2019-07-15,-0.133287063905296
2019-07-16,-0.12872607836134975
2019-07-17,-0.12541017592873616
2019-07-18,-0.13134630330837516
2019-07-19,-0.1429852086419462
2019-07-22,-0.1478737852164026
2019-07-23,-0.1458681418387251
2019-07-24,-0.1469092727875807
2019-07-25,-0.14617567684035115
2019-07-26,-0.1441101641766157
2019-07-29,-0.15138395723718878
2019-07-30,-0.15423399776756375
2019-07-31,-0.15035586434717962
2019-08-01,-0.15747859551300336
2019-08-02,-0.1556093271864768
2019-08-05,-0.16253082717156087
2019-08-06,-0.15761170784617728
2019-08-07,-0.15906013373078254
2019-08-08,-0.14684811040735724
2019-08-09,-0.14205016317940922
2019-08-13,-0.1557738786723598
2019-08-14,-0.15242398318762163
2019-08-16,-0.15118800913796127
2019-08-19,-0.1510459117735503
2019-08-20,-0.1499524061545614
2019-08-21,-0.15498229900920035
2019-08-22,-0.16185282146037538
2019-08-23,-0.15753109421357192
2019-08-26,-0.1458484409879054
2019-08-27,-0.1410867106470336
2019-08-28,-0.1449556427517027
2019-08-29,-0.14840137173600254
2019-08-30,-0.14255330545282718
2019-09-03,-0.15602223578072527
2019-09-04,-0.15594893994379633
2019-09-05,-0.15362593138372027
2019-09-06,-0.14779797186915256
2019-09-09,-0.14387041334538941
2019-09-11,-0.14383022850943206
2019-09-12,-0.14956797535825106
2019-09-13,-0.14430610100034902
2019-09-16,-0.14690112521804244
2019-09-17,-0.15747792974632857
2019-09-18,-0.1560844165430757
2019-09-19,-0.16247624557971707
2019-09-20,-0.12555786696326965
2019-09-23,-0.10516978400315202
2019-09-24,-0.10415385070849403
2019-09-25,-0.11349259112052967
2019-09-26,-0.10661497023329114
2019-09-27,-0.1086367139915102
2019-09-30,-0.10904335187346725
2019-10-01,-0.11623831641716142
2019-10-03,-0.12051045660348836
2019-10-04,-0.12866434298101637
2019-10-07,-0.13191237411441203
2019-10-09,-0.12230397872320731
2019-10-10,-0.12445407963122124
2019-10-11,-0.11803389528950992
2019-10-14,-0.11559349499765914
2019-10-15,-0.10796165528446677
2019-10-16,-0.1085874933845925
2019-10-17,-0.10131296946699231
2019-10-18,-0.09536262986224642
2019-10-22,-0.10073613468695608
2019-10-23,-0.09884190036638385
2019-10-24,-0.09709751633746688
2019-10-25,-0.09918803343443261
2019-10-27,-0.09564544590565216
2019-10-29,-0.08639693917278601
2019-10-30,-0.08327118872290573
2019-10-31,-0.07993121567298322
2019-11-01,-0.08247761534737907
2019-11-04,-0.08234359431188443
2019-11-05,-0.08505672881784077
2019-11-06,-0.08269711436614169
2019-11-07,-0.07876301656831819
2019-11-08,-0.08816137359283971
2019-11-11,-0.08991736574294129
2019-11-13,-0.09161637257086397
2019-11-14,-0.09195722922019256
2019-11-15,-0.09312437304111354
2019-11-18,-0.09566971743176544
2019-11-19,-0.09512202516860269
2019-11-20,-0.09321407215935784
2019-11-21,-0.09543333387309794
2019-11-22,-0.10100628732543315
2019-11-25,-0.09268854085482026
2019-11-26,-0.0981950114312804
2019-11-27,-0.09348422479783491
2019-11-28,-0.09193612354531167
2019-11-29,-0.0972885226951401
2019-12-02,-0.09697615870690113
2019-12-03,-0.09940120075073122
2019-12-04,-0.09862978833382963
2019-12-05,-0.09856225017421016
2019-12-06,-0.10346404316532898
2019-12-09,-0.10448133669459447
2019-12-10,-0.11119716244173727
2019-12-11,-0.1077495504499214
2019-12-12,-0.10557144480219949
2019-12-13,-0.09886617189249702
2019-12-16,-0.10171754856892379
2019-12-17,-0.0947030775222143
2019-12-18,-0.08999651202374515
2019-12-19,-0.08779096899867778
2019-12-20,-0.09025611182478188
2019-12-23,-0.0897442992089168
2019-12-24,-0.0922854224645927
2019-12-26,-0.09684108238766231
2019-12-27,-0.09197833489507368
2019-12-30,-0.08994480312028663
2019-12-31,-0.0951146381823944
